timestamp,temperature,vibration,oil_pressure,rpm,operating_hours,ambient_temp,failure
2025-10-07 10:17:13.571118,82.48357076505616,0.5307801768892059,53.31440634333706,1277.7084086125935,0.0,18.285306300025084,0
2025-10-07 11:17:13.571118,79.30867849414408,0.3289831607343374,55.86736928742663,1549.300955686401,0.041666666666666664,18.6378995420948,0
2025-10-07 12:17:13.571118,83.23844269050346,0.3651814577894287,50.90510779351853,1599.644349699357,0.08333333333333333,23.179404466428473,0
2025-10-07 13:17:13.571118,87.61514928204012,0.5743264094022715,43.51584026022077,1728.0298077042532,0.125,26.373059758160657,0
2025-10-07 14:17:13.571118,78.82923312638331,0.5170865438127942,51.99843975876321,1816.1081373136747,0.16666666666666666,16.757485471824296,0
2025-10-07 15:17:13.571118,78.8293152152541,0.48160166636473206,46.74321553104085,1296.9811616344264,0.20833333333333334,23.500809471545107,0
2025-10-07 16:17:13.571118,87.89606407753696,0.5018433933065393,47.35691659125121,1337.8284977579324,0.25,23.421256430447738,0
2025-10-07 17:17:13.571118,83.83717364576455,0.5347581705361671,52.931820093775464,1248.4844282170768,0.2916666666666667,29.165013334625343,0
2025-10-07 18:17:13.571118,77.65262807032524,0.4460240319690638,56.19141535716818,1453.1960281786037,0.3333333333333333,23.844934564861408,0
2025-10-07 19:17:13.571118,82.71280021792982,0.4221695274597687,50.10635788368031,1593.271674889267,0.375,26.148966954222786,0
2025-10-07 20:17:13.571118,77.68291153593769,0.5195845255097682,51.54416506299482,1697.4669033178204,0.4166666666666667,25.42377142026239,0
2025-10-07 21:17:13.571118,77.67135123214871,0.4021627222384968,58.51107472317619,1484.8097952714954,0.4583333333333333,18.6083005605784,0
2025-10-07 22:17:13.571118,81.20981135783018,0.5408252755714472,51.20376589744284,1436.0304953490313,0.5,27.30462164989521,0
2025-10-07 23:17:13.571118,70.43359877671101,0.32974163957621594,63.008415570901974,1530.351598449748,0.5416666666666666,25.646189516368864,0
2025-10-08 00:17:13.571118,71.37541083743484,0.6029155637325644,52.827548228157724,1332.9714196739953,0.5833333333333334,26.52480591902377,0
2025-10-08 01:17:13.571118,77.18856235379513,0.5472597482413043,41.19618620422091,1917.9077443389547,0.625,36.77871311930898,0
2025-10-08 02:17:13.571118,74.93584439832789,0.5256029734313876,53.76670810552266,1178.4677945763883,0.6666666666666666,18.747661181504235,0
2025-10-08 03:17:13.571118,81.57123666297637,0.5982690983945513,51.90579192441389,1536.948115779145,0.7083333333333334,30.174089949283324,0
2025-10-08 04:17:13.571118,75.45987962239394,0.6665474444462577,56.44876377041373,1904.7212438459278,0.75,24.137657441798932,0
2025-10-08 05:17:13.571118,72.93848149332354,0.6014370065018131,53.365906756349794,1501.3599689119997,0.7916666666666666,25.861986713209028,0
2025-10-08 06:17:13.571118,87.32824384460777,0.3159125768668355,49.30772008008113,1461.992192999701,0.8333333333333334,24.863463264096275,0
2025-10-08 07:17:13.571118,78.87111849756732,0.37204230332642985,43.87850881855317,1428.5109154379145,0.875,23.72729099980587,0
2025-10-08 08:17:13.571118,80.33764102343962,0.4375181422304321,48.95488371356987,1463.9216636475185,0.9166666666666666,23.290501215283722,0
2025-10-08 09:17:13.571118,72.87625906893271,0.5026091050210834,45.7473977289535,1774.569694935306,0.9583333333333334,25.988526206719026,0
2025-10-08 10:17:13.571118,77.27808637737408,0.5517659020469123,47.09738275097639,1057.6276177340987,1.0,20.448478909984964,0
2025-10-08 11:17:13.571118,80.55461294854933,0.42742561868465345,52.942892022103045,1806.6867402592652,1.0416666666666667,27.251737502565298,0
2025-10-08 12:17:13.571118,74.24503211288848,0.5186766764477079,58.34952252175703,1215.2085695099709,1.0833333333333333,23.751416785344237,0
2025-10-08 13:17:13.571118,81.87849009172837,0.42446170676466777,51.9733576491149,1446.669534153117,1.125,21.609791982878928,0
2025-10-08 14:17:13.571118,76.99680655040598,0.4388482197008052,44.02058468982408,1414.1511159402676,1.1666666666666667,23.64996142601256,0
2025-10-08 15:17:13.571118,78.54153125103362,0.35933389031517776,52.2230133411007,1617.710653954144,1.2083333333333333,28.771447650587717,0
2025-10-08 16:17:13.571118,76.99146693885301,0.40767667538890956,55.98315743322826,1180.3751296232504,1.25,23.39399473895133,0
2025-10-08 17:17:13.571118,89.26139092254469,0.36483153943836666,46.95108547840309,1592.4345332163887,1.2916666666666667,26.07536085462886,0
2025-10-08 18:17:13.571118,79.93251387631032,0.4024126747022667,49.32991416663541,1904.8619246573705,1.3333333333333333,22.80713117285358,0
2025-10-08 19:17:13.571118,74.71144535522049,0.6053641796607839,50.07344097364599,1227.3651990814378,1.375,27.273765549770857,0
2025-10-08 20:17:13.571118,84.11272456051594,0.4050601111168057,46.0755084345888,1537.941233522079,1.4166666666666667,27.056523216370614,0
2025-10-08 21:17:13.571118,73.89578175014489,0.7632382064837391,53.2414021692193,1367.6035644406782,1.4583333333333333,30.545826499889234,1
2025-10-08 22:17:13.571118,81.04431797502377,0.549331790088089,49.39525925696109,1585.1774412386071,1.5,24.473308163502352,0
2025-10-08 23:17:13.571118,70.20164938060113,0.5184836123694874,52.09766221953514,1503.8295554831504,1.5416666666666667,27.00596441427372,0
2025-10-09 00:17:13.571118,73.35906975550785,0.41416422198187863,45.5625391109895,1371.702618191138,1.5833333333333333,25.294202618616833,0
2025-10-09 01:17:13.571118,80.98430617934562,0.5700309879408991,47.812708498382946,1597.5744569742149,1.625,28.887615345589044,0
2025-10-09 02:17:13.571118,83.69233289997705,0.44243621737622263,53.61190678913886,1860.8696219573485,1.6666666666666667,22.84350283717381,0
2025-10-09 03:17:13.571118,80.85684140594985,0.5122009814645362,48.13583423954117,1461.8192416545403,1.7083333333333333,27.235015938631843,0
2025-10-09 04:17:13.571118,79.4217585880588,0.7560084538268794,58.63481925616703,1643.9515884296363,1.75,24.415908111649955,1
2025-10-09 05:17:13.571118,78.49448152205356,0.490394010027535,48.00181907192699,1241.3454084257673,1.7916666666666667,24.807435468674505,0
2025-10-09 06:17:13.571118,72.60739004816287,0.6149273326285676,51.12342362875943,1308.7127246363982,1.8333333333333333,25.27525745334512,0
2025-10-09 07:17:13.571118,76.40077895802645,0.42968235748741124,54.66295415936545,1594.4812555760755,1.875,25.756721189280032,0
2025-10-09 08:17:13.571118,77.69680614520107,0.49650115095030384,42.90817133533484,1796.823205707193,1.9166666666666667,24.651312870634126,0
2025-10-09 09:17:13.571118,85.28561113109458,0.677080063563551,41.19595594009612,1571.122669757132,1.9583333333333333,25.64413954951158,0
2025-10-09 10:17:13.571118,81.71809144784231,0.43730329422122327,42.371718427149524,1437.388393895369,2.0,29.734354172686555,0
2025-10-09 11:17:13.571118,71.18479922318633,0.6812448557996928,56.31292051713591,1499.8582810846708,2.0416666666666665,27.956349056845657,0
2025-10-09 12:17:13.571118,81.62041984697397,0.5707751935455475,47.240709270537764,1249.9184532060565,2.0833333333333335,27.60746377749069,0
2025-10-09 13:17:13.571118,78.07458859791842,0.44375332241057325,62.79099642834126,1620.9030652710733,2.125,23.633381421928387,0
2025-10-09 14:17:13.571118,76.6153899984702,0.563240773905552,47.17876200671306,1676.466612464682,2.1666666666666665,22.332277515315027,0
2025-10-09 15:17:13.571118,83.05838144420434,0.597255444962673,50.922756515985185,1409.581933433384,2.2083333333333335,27.865901674713257,0
2025-10-09 16:17:13.571118,85.15499761247976,0.5621809962217197,57.71054976283938,1405.9915704480998,2.25,27.628140377589382,0
2025-10-09 17:17:13.571118,84.65640059558099,0.3429775280109544,60.03046444079561,1553.1756459304097,2.2916666666666665,29.418012027252946,0
2025-10-09 18:17:13.571118,75.80391238388681,0.42728628241751315,60.30751788318199,1412.656052791881,2.3333333333333335,23.18805812209231,0
2025-10-09 19:17:13.571118,78.45393812074393,0.47524813644484953,56.04183115296571,1486.7734770748355,2.375,24.31135403391896,0
2025-10-09 20:17:13.571118,81.65631715701782,0.49255665708999535,55.12031262905731,1919.944357833303,2.4166666666666665,20.081547512423697,0
2025-10-09 21:17:13.571118,84.8777256356118,0.5620672097550679,52.96263474600592,1450.5948598508007,2.4583333333333335,23.82258668181738,0
2025-10-09 22:17:13.571118,77.60412881077355,0.5177701000933254,53.89180538083319,1428.3319695957555,2.5,27.98971153173834,0
2025-10-09 23:17:13.571118,79.07170511668092,0.3664655641289899,47.244071418357336,1370.4916388729682,2.5416666666666665,23.600513862315406,0
2025-10-10 00:17:13.571118,74.46832512996986,0.5380197851005963,45.90900558288846,1648.8383942999874,2.5833333333333335,26.921439385602472,0
2025-10-10 01:17:13.571118,74.01896687959665,0.5610585745283823,49.98312771294524,1463.7551653563794,2.625,24.428490682006565,0
2025-10-10 02:17:13.571118,84.06262911197099,0.555979044793104,49.14907688737536,1370.1253923357149,2.6666666666666665,25.97217108466468,0
2025-10-10 03:17:13.571118,86.78120014285412,0.6080780725554622,47.733859753363625,1764.2608064546025,2.7083333333333335,21.556925830553,0
2025-10-10 04:17:13.571118,79.63994939209833,0.5833922154548904,53.481937237283574,1783.9206009027275,2.75,25.255628348901702,0
2025-10-10 05:17:13.571118,85.01766448946012,0.5459180079228436,54.77652604285255,1379.915286852259,2.7916666666666665,16.02659208729783,0
2025-10-10 06:17:13.571118,81.80818012523817,0.4929834288541353,50.442034431459234,1126.6920097278767,2.8333333333333335,24.439311525514047,0
2025-10-10 07:17:13.571118,76.77440122697438,0.33390390664840086,57.38765040527631,1701.5027379673845,2.875,20.10858026885458,0
2025-10-10 08:17:13.571118,81.80697802754207,0.5429618219132586,44.29155442933248,1363.0740348479992,2.9166666666666665,28.61798354964045,0
2025-10-10 09:17:13.571118,87.69018283232984,0.5207687687163112,49.03170270360141,1658.1251198325538,2.9583333333333335,27.332222058293535,0
2025-10-10 10:17:13.571118,79.82086980445024,0.5271578837195373,46.41588839698598,1105.9792364576329,3.0,26.400012945898244,0
2025-10-10 11:17:13.571118,87.82321827907003,0.37232514241796905,40.667316914634696,1678.519467659862,3.0416666666666665,29.56301868147814,0
2025-10-10 12:17:13.571118,66.90127447955128,0.3918943459591738,49.586596570786504,1257.7656141438438,3.0833333333333335,22.15325043752549,0
2025-10-10 13:17:13.571118,84.10951252187611,0.6053152853332904,49.39126245808358,1646.1528238133048,3.125,30.242089593746677,0
2025-10-10 14:17:13.571118,80.43523534119086,0.4960444846143345,57.567248716210656,1502.8546135672868,3.1666666666666665,27.796574692781153,0
2025-10-10 15:17:13.571118,78.50496324767066,0.5681500697372625,53.154058422773886,1309.212116120671,3.2083333333333335,24.290334138343162,0
2025-10-10 16:17:13.571118,80.45880388267751,0.5028318376130461,44.87906587835398,1418.5927374146438,3.25,28.406860441548833,0
2025-10-10 17:17:13.571118,70.06215542699553,0.5029756139495746,59.27046283167094,1637.2636913913402,3.2916666666666665,21.681119462765096,0
2025-10-10 18:17:13.571118,78.90164056081244,0.5938283805975998,56.10516847762676,1521.1788906230468,3.3333333333333335,22.52645751541698,0
2025-10-10 19:17:13.571118,81.78556285755873,0.4483955271782626,52.910488517343076,1616.8825960944969,3.375,23.174230830280898,0
2025-10-10 20:17:13.571118,87.38947022370758,0.5096120776940983,48.86757950575084,1895.288116903097,3.4166666666666665,23.413066875807953,0
2025-10-10 21:17:13.571118,77.40864890863176,0.45377247112949576,45.2028038163826,1187.1516776577896,3.4583333333333335,21.830327071719243,0
2025-10-10 22:17:13.571118,75.95753198553406,0.45655037725676845,48.138966119644735,1823.4425149937247,3.5,28.669249201285975,0
2025-10-10 23:17:13.571118,77.49121478207732,0.46908278765313605,55.443743098520926,1520.8711875046426,3.5416666666666665,24.223436798890503,0
2025-10-11 00:17:13.571118,84.57701058851038,0.5222133771633712,59.42293152967304,1320.2431903353743,3.5833333333333335,26.05751490507064,0
2025-10-11 01:17:13.571118,81.64375554829843,0.45212513783365227,57.71621764136094,1233.937274852202,3.625,23.288945900758957,0
2025-10-11 02:17:13.571118,77.3511989811648,0.6255756125573521,47.55575289106863,1462.1759218445934,3.6666666666666665,19.53819009835445,0
2025-10-11 03:17:13.571118,82.56633716556678,0.4105392697780496,44.401912833554945,1684.330022384892,3.7083333333333335,25.810172075174265,0
2025-10-11 04:17:13.571118,80.4853877467402,0.4813128355838641,50.70443123455602,1474.490175924493,3.75,19.26323507374067,0
2025-10-11 05:17:13.571118,84.84322495266444,0.4560268941725825,41.157803172185744,1802.2309860494695,3.7916666666666665,24.794097861743595,0
2025-10-11 06:17:13.571118,76.48973453061323,0.6446977884353733,51.615838570923906,1209.7648619896881,3.8333333333333335,20.89505488350157,0
2025-10-11 07:17:13.571118,78.36168926701116,0.5196554776511575,49.261987068506656,1497.582210430789,3.875,30.961827997692424,0
2025-10-11 08:17:13.571118,78.0394592343392,0.6031844539468635,47.66981749065879,1249.5213111173762,3.9166666666666665,27.734088166524167,0
2025-10-11 09:17:13.571118,72.68242525933941,0.3514439626963028,42.026484663666025,1572.7263765249936,3.9583333333333335,25.317261373814443,0
2025-10-11 10:17:13.571118,81.48060138532288,0.5267050265869259,52.568000532848586,1677.37747801946,4.0,28.791120032964006,0
2025-10-11 11:17:13.571118,81.30527636089944,0.5889630795623437,47.33649580169045,1415.8476412637892,4.041666666666667,22.461052067602793,0
2025-10-11 12:17:13.571118,80.02556728321231,0.5082283989275425,44.15041582144856,979.1572286745732,4.083333333333333,26.63043813601028,0
2025-10-11 13:17:13.571118,78.82706433312427,0.6065480375065351,35.63868893359175,1539.789629359299,4.125,25.59943130115614,0
2025-10-11 14:17:13.571118,72.92314628974793,0.4482711549899628,49.86242547474682,1587.347710346702,4.166666666666667,25.79206024400101,0
2025-10-11 15:17:13.571118,77.89677338617321,0.640934744018558,58.86125798334872,1580.8589509923395,4.208333333333333,28.817060500320302,0
2025-10-11 16:17:13.571118,78.28642741736616,0.7298898123619251,58.30629607273935,1747.1564383644309,4.25,27.197476308339407,1
2025-10-11 17:17:13.571118,75.9886136538919,0.4637161439560341,47.71451871706864,1285.7892640701903,4.291666666666667,25.86617098847507,0
2025-10-11 18:17:13.571118,79.19357144166996,0.4554497478599228,46.988939698191096,1636.04322109009,4.333333333333333,20.035337691315114,0
2025-10-11 19:17:13.571118,82.02025428407269,0.6453384477117701,52.34387128037512,1738.501502495595,4.375,22.11986111416161,0
2025-10-11 20:17:13.571118,89.43092950605265,0.6579572145730712,45.00807280405854,1144.2824831986966,4.416666666666667,24.631873199212826,0
2025-10-11 21:17:13.571118,80.8728890641592,0.44771399728467315,51.50895949909733,1563.9303651837954,4.458333333333333,25.280117122829953,0
2025-10-11 22:17:13.571118,81.28775195361382,0.4579813182904143,53.83040139192345,1399.1640337984657,4.5,21.60938882597823,0
2025-10-11 23:17:13.571118,79.62777042116916,0.4718215391139493,56.13466611942154,1483.6954653796708,4.541666666666667,32.23503002673526,0
2025-10-12 00:17:13.571118,70.4061439235048,0.36555494889657225,49.499229617600236,1569.5352967076674,4.583333333333333,29.54918216576072,0
2025-10-12 01:17:13.571118,79.86743062275391,0.4081348053515802,48.98163124911517,1402.5542871772896,4.625,26.80635496117745,0
2025-10-12 02:17:13.571118,80.30115104970513,0.3995859233247932,45.6100870662172,1364.8583841676777,4.666666666666667,25.216110583851233,0
2025-10-12 03:17:13.571118,92.31621056242643,0.42322024348958714,45.865598229800696,1506.830483497605,4.708333333333333,24.363373090296545,1
2025-10-12 04:17:13.571118,79.03819517609439,0.4965315112613219,48.86760554049236,1282.5508122274396,4.75,22.144244619933293,0
2025-10-12 05:17:13.571118,81.50773671166806,0.5234214732536521,51.83682753408089,1282.834974222963,4.791666666666667,25.232441555556587,0
2025-10-12 06:17:13.571118,79.82644115147379,0.6550500492814078,54.567923131166246,1635.8746565913007,4.833333333333333,25.773257620428254,0
2025-10-12 07:17:13.571118,74.15660981190234,0.4001645959261209,45.984105246598276,1270.2411929682687,4.875,21.274718273555127,0
2025-10-12 08:17:13.571118,85.7141140725751,0.5984322398476584,57.46344284479761,1633.2625001818424,4.916666666666667,26.002529251734693,0
2025-10-12 09:17:13.571118,83.75966516343387,0.4786011155774491,48.64438199478715,1592.5182585707903,4.958333333333333,24.534222853525755,0
2025-10-12 10:17:13.571118,83.95515973521523,0.4950536290347567,49.89316352825782,1154.8386542418807,5.0,19.27657732636783,0
2025-10-12 11:17:13.571118,75.4530627260263,0.5674819492166604,46.263941604260886,1364.487069532869,5.041666666666667,22.418844967661492,0
2025-10-12 12:17:13.571118,87.0139715546805,0.38772779784377015,37.87879869863529,1738.8218806094744,5.083333333333333,23.75918339973507,0
2025-10-12 13:17:13.571118,72.9907446860386,0.538240974618405,54.42022698180525,1303.7668937720637,5.125,30.66306297202057,0
2025-10-12 14:17:13.571118,82.93428546900135,0.5166452208213056,53.684219485462165,1407.1191475381224,5.166666666666667,26.669659373601274,0
2025-10-12 15:17:13.571118,90.95227812904989,0.5492451264008149,48.593362214408934,1592.4121786503792,5.208333333333333,20.993555292700325,1
2025-10-12 16:17:13.571118,75.04731837434656,0.5289168643907818,50.33495358612436,1656.678101856519,5.25,26.45810886825291,0
2025-10-12 17:17:13.571118,77.16851135198614,0.7455300139910894,52.5796960885205,1449.692222791101,5.291666666666667,20.358088033184902,1
2025-10-12 18:17:13.571118,80.4982568254382,0.4362260015748684,42.18727071556729,1380.4979610616717,5.333333333333333,28.24807316166122,0
2025-10-12 19:17:13.571118,77.48262172941901,0.4469003044998182,47.35473661326853,1784.4739723397015,5.375,23.586626044546364,0
2025-10-12 20:17:13.571118,72.24668284466934,0.43768594735752353,53.971323398109135,1847.7799327595158,5.416666666666667,24.719091433782488,0
2025-10-12 21:17:13.571118,80.34281487403014,0.4444522880839745,43.72855288415376,1695.7716101563592,5.458333333333333,28.97738994262657,0
2025-10-12 22:17:13.571118,74.68848143136948,0.4362612872693482,51.46778966083315,1517.063628513005,5.5,21.13850929424725,0
2025-10-12 23:17:13.571118,82.36796215317591,0.6189016531107552,43.21709097688297,1338.3468556718146,5.541666666666667,20.808645444661025,0
2025-10-13 00:17:13.571118,75.40287882883098,0.6420504247989856,52.33214991216763,1333.9111186886869,5.583333333333333,23.249202020961985,0
2025-10-13 01:17:13.571118,87.7496720250877,0.4429253706250524,49.82179258851258,1604.5028210531516,5.625,28.11513655305795,0
2025-10-13 02:17:13.571118,76.08373353831881,0.41676444268957713,41.92434092047245,1583.6796441777367,5.666666666666667,20.441961773569474,0
2025-10-13 03:17:13.571118,78.38969241897162,0.5471415556386404,55.82369677228586,1780.319718589286,5.708333333333333,16.503533205668294,0
2025-10-13 04:17:13.571118,84.06758608684835,0.4447776955719029,46.32704211600976,1630.0900185072278,5.75,23.646523424773005,0
2025-10-13 05:17:13.571118,73.84567841783023,0.5632931817755511,45.948737814928094,1199.3839396480364,5.791666666666667,26.65522239973276,0
2025-10-13 06:17:13.571118,81.13729967302065,0.52029230208513,51.00284598615472,1710.3895235445837,5.833333333333333,28.600785249216486,0
2025-10-13 07:17:13.571118,86.53571377141213,0.34842558850027683,55.743186747143575,1300.3878745371173,5.875,23.610515913743804,0
2025-10-13 08:17:13.571118,71.96258382719387,0.6547505201330062,44.92089090510802,1423.2057456095297,5.916666666666667,23.765720178651993,0
2025-10-13 09:17:13.571118,80.92316929266153,0.6795877673095522,50.308399249239855,1550.0400412503388,5.958333333333333,28.461702202767242,0
2025-10-13 10:17:13.571118,81.29941397124212,0.4387211309515614,52.14408250165287,1899.1334979567928,6.0,19.39077490091374,0
2025-10-13 11:17:13.571118,83.90911435888655,0.4612298440064016,53.46552803631572,2121.9837112010723,6.041666666666667,23.83443767445097,0
2025-10-13 12:17:13.571118,73.81524644560959,0.5285865390724905,50.882207776386124,1621.3446118272366,6.083333333333333,25.57127166977517,0
2025-10-13 13:17:13.571118,73.39771693457863,0.5334456789987025,48.16486080458339,1463.3606762559225,6.125,26.347656163855103,0
2025-10-13 14:17:13.571118,82.60970782808448,0.5658544272672831,45.8620488967564,1606.90112969611,6.166666666666667,23.47057992042735,0
2025-10-13 15:17:13.571118,81.48492336616593,0.7010204538766349,50.43071941523188,1677.5310851747672,6.208333333333333,25.103323035117523,1
2025-10-13 16:17:13.571118,81.25246425172938,0.4823052772505951,44.639304940071966,1435.8664748885617,6.25,17.535017939761033,0
2025-10-13 17:17:13.571118,81.73224104748488,0.4201702755461546,35.39324758252697,1859.0422711824644,6.291666666666667,23.025254762998454,0
2025-10-13 18:17:13.571118,76.59987639210755,0.3620680771985473,52.18279902078834,1546.0141518382804,6.333333333333333,26.360526137663403,0
2025-10-13 19:17:13.571118,81.16126848580502,0.42690699600580806,54.519674205430974,1599.548617818279,6.375,22.05311789723596,0
2025-10-13 20:17:13.571118,81.46536236649341,0.4966873027126203,38.185337822290805,1633.1848504108923,6.416666666666667,25.17695266476879,0
2025-10-13 21:17:13.571118,76.42824290986816,0.6794557863517787,44.95134647645031,1584.3173221228913,6.458333333333333,26.340617502408094,0
2025-10-13 22:17:13.571118,89.32887255572378,0.44823887009638286,53.09577130502599,1667.7881000939224,6.5,23.972352397426704,0
2025-10-13 23:17:13.571118,82.36916460455893,0.5223787951638899,60.2874773485585,1376.5493626906155,6.541666666666667,25.511391312989712,0
2025-10-14 00:17:13.571118,74.04348251398676,0.4983577103927248,50.10396853837704,1388.3396492107938,6.583333333333333,22.111802304146163,0
2025-10-14 01:17:13.571118,83.28276804316914,0.6188393273448084,46.35998529385433,1279.969153405661,6.625,24.38016616091186,0
2025-10-14 02:17:13.571118,75.1265916488634,0.7526932425873623,49.0855177944758,1587.9002461240452,6.666666666666667,26.830648508767666,1
2025-10-14 03:17:13.571118,83.93542301871226,0.4469131227079679,56.87438209574093,1655.7873007024227,6.708333333333333,25.470918882905302,0
2025-10-14 04:17:13.571118,85.79297789503703,0.45105605574817775,46.77017910437732,1591.5545732303772,6.75,23.240406191308193,0
2025-10-14 05:17:13.571118,75.89658840824144,0.6044160877069072,46.004039966748735,1834.8984866695075,6.791666666666667,25.67264921287238,0
2025-10-14 06:17:13.571118,84.8168806462216,0.5681891489626312,47.58628238908984,1498.8807962341907,6.833333333333333,27.143829371909852,0
2025-10-14 07:17:13.571118,82.06390463468249,0.6846707325736033,45.23335695870644,1633.7483311185026,6.875,18.850176164267566,0
2025-10-14 08:17:13.571118,84.11030079997245,0.5583928185325964,50.61335157997398,1281.6598247721372,6.916666666666667,28.477222194867693,0
2025-10-14 09:17:13.571118,89.48396491326974,0.46407079092129405,58.1233922923478,1422.5800595051198,6.958333333333333,23.991235783956785,0
2025-10-14 10:17:13.571118,78.77305941998564,0.559065483069231,51.615396365580146,1639.1075515131556,7.0,26.27646979972069,0
2025-10-14 11:17:13.571118,76.23131917821256,0.6108703580582908,48.73823248936856,1669.8204221486287,7.041666666666667,28.591740770935683,0
2025-10-14 12:17:13.571118,75.55242785187238,0.5820482181197364,48.54094365542228,1441.2066104671635,7.083333333333333,20.884978908308604,0
2025-10-14 13:17:13.571118,75.92094857517282,0.5507274031107298,42.18404595651671,1485.6801496283867,7.125,22.87167699271736,0
2025-10-14 14:17:13.571118,79.61449145292949,0.6066674689589154,54.415548885735795,1196.4252506638381,7.166666666666667,24.134353912372887,0
2025-10-14 15:17:13.571118,81.70575987408321,0.6169295590445673,49.61081401493599,1428.594159838678,7.208333333333333,22.648739436626716,0
2025-10-14 16:17:13.571118,81.38345399665009,0.6382158991037528,49.097600432046875,1678.0766327039573,7.25,30.204809727510426,0
2025-10-14 17:17:13.571118,84.13591624518011,0.5648709887589642,65.96553783922431,1615.0410032213133,7.291666666666667,22.429683718519623,0
2025-10-14 18:17:13.571118,80.06500945938953,0.4832881919683146,51.49376454182843,1600.1331442762419,7.333333333333333,23.3333596615394,0
2025-10-14 19:17:13.571118,87.26767038578659,0.5146713686433323,46.24104474952408,1509.954737436192,7.375,25.61316709480893,0
2025-10-14 20:17:13.571118,78.67671583381022,0.6206508966508357,47.86821201897229,1501.4126317256353,7.416666666666667,21.393551421771733,0
2025-10-14 21:17:13.571118,93.6008458329481,0.4183064329012764,55.74222854598378,1367.9357721053107,7.458333333333333,23.81295786473121,1
2025-10-14 22:17:13.571118,83.12833673882503,0.5368673308872901,50.56635205268882,1639.765684040507,7.5,25.952359783750527,0
2025-10-14 23:17:13.571118,75.71421221791859,0.46066611876726393,42.80861010841316,1584.194588877878,7.541666666666667,24.001418786852465,0
2025-10-15 00:17:13.571118,74.64553750969444,0.5028744822934818,54.596144672876015,1598.4037695985598,7.583333333333333,24.719839423300154,0
2025-10-15 01:17:13.571118,82.41236207621593,0.6278451862607299,46.65927957230503,1394.7930314664839,7.625,23.412003662654886,0
2025-10-15 02:17:13.571118,78.88268607337075,0.5191099068019903,59.366488881087726,1069.3314160257512,7.666666666666667,20.4565890724577,0
2025-10-15 03:17:13.571118,83.57000247046047,0.5046436548156149,55.40024032857324,1719.4305423507392,7.708333333333333,25.964779634017717,0
2025-10-15 04:17:13.571118,82.36618812286773,0.3640143859020081,47.76339052170624,1404.2325087983193,7.75,30.264799214941725,0
2025-10-15 05:17:13.571118,79.63585543671563,0.5746253566027221,56.40508180867556,1327.4448471913759,7.791666666666667,25.055204892350314,0
2025-10-15 06:17:13.571118,75.76603140965797,0.5645484181141075,50.339277552637014,1638.6957823827988,7.833333333333333,25.675792351742647,0
2025-10-15 07:17:13.571118,72.42576387657067,0.716325472330546,54.263868375611096,1421.5974720161742,7.875,27.078168265350577,1
2025-10-15 08:17:13.571118,77.76742523966489,0.46922217650469994,52.42366408647237,1711.9872768093244,7.916666666666667,21.1920085103599,0
2025-10-15 09:17:13.571118,84.28199397161737,0.521915032766394,45.76821672504563,1623.4011899153395,7.958333333333333,30.10754397438882,0
2025-10-15 10:17:13.571118,81.07046872065102,0.5249383683710755,46.78225083841269,1636.7138646400956,8.0,25.606986389268407,0
2025-10-15 11:17:13.571118,73.77130610644006,0.6577453279763474,55.14980408790581,1226.8088577598933,8.041666666666666,29.895570697267328,0
2025-10-15 12:17:13.571118,80.86590462925591,0.4904704467613048,48.326123339467294,1742.38879707728,8.083333333333334,22.80090101342803,0
2025-10-15 13:17:13.571118,81.92658689864419,0.5279021525770339,47.981757683790015,1552.250106246771,8.125,30.454185767673472,0
2025-10-15 14:17:13.571118,75.58071281899433,0.5607896509716539,45.224387103253235,1426.1445721507594,8.166666666666666,27.32546648210435,0
2025-10-15 15:17:13.571118,80.76862552972764,0.5186609123156358,52.11799532796731,1528.6776934684501,8.208333333333334,26.659120257557074,0
2025-10-15 16:17:13.571118,80.29104359223,0.4553566385449472,60.31262459621573,1144.7529534203359,8.25,25.702073363059444,0
2025-10-15 17:17:13.571118,74.28514851084688,0.5194089992898308,44.66233542872864,1581.7305622961342,8.291666666666666,24.254414145776654,0
2025-10-15 18:17:13.571118,81.78893680174141,0.6073631749859772,50.12109728336379,1294.1256983635858,8.333333333333334,28.60159497542162,0
2025-10-15 19:17:13.571118,82.80392263184117,0.39734847005889395,57.061102777077146,1229.465942831293,8.375,25.42107960954414,0
2025-10-15 20:17:13.571118,85.41525621587638,0.5132969674146876,49.60179304377142,1195.5281627564218,8.416666666666666,19.098790889238543,0
2025-10-15 21:17:13.571118,85.26901026017451,0.42998791850608264,52.26185898124867,1722.537674997985,8.458333333333334,21.648440614878993,0
2025-10-15 22:17:13.571118,73.11165316021454,0.6195046628924843,44.688032359265605,1374.1473212614424,8.5,24.442462743421757,0
2025-10-15 23:17:13.571118,75.31087480042439,0.3476813095216225,52.141535486038244,1806.7455419833,8.541666666666666,25.929996949496665,0
2025-10-16 00:17:13.571118,82.5751763360433,0.44410781527284116,49.06427867497726,1392.8397073895405,8.583333333333334,24.830234533300313,0
2025-10-16 01:17:13.571118,82.56892975456104,0.537721187506452,54.928649978399314,1158.5284084814107,8.625,28.65691236938099,0
2025-10-16 02:17:13.571118,82.57523843153024,0.6565524029234341,55.936930257823754,1276.695112010268,8.666666666666666,19.146694407884127,0
2025-10-16 03:17:13.571118,99.26365745327361,0.49342497389270124,62.94781821009307,1747.1623240013878,8.708333333333334,25.43076380951548,1
2025-10-16 04:17:13.571118,82.85445255346583,0.44448004733068014,52.89816586606788,1468.8203644126665,8.75,19.546062323838534,0
2025-10-16 05:17:13.571118,85.677828200903,0.688115706944059,51.62898158291083,1390.34254070188,8.791666666666666,27.279136886452505,0
2025-10-16 06:17:13.571118,84.770008817466,0.3551986099583756,50.97192150788668,1532.0036451705575,8.833333333333334,24.71662385667399,0
2025-10-16 07:17:13.571118,83.256956256529,0.28011940433799176,48.23416853594656,1600.356547233509,8.875,26.258829916072354,0
2025-10-16 08:17:13.571118,78.42365377679828,0.5440014450053332,51.692419217308455,1723.4797631804922,8.916666666666666,22.4083511182307,0
2025-10-16 09:17:13.571118,83.79484610246634,0.4497945775647389,48.52299294930485,1789.6998459785852,8.958333333333334,28.838394794973254,0
2025-10-16 10:17:13.571118,76.13587392731215,0.39787671828692867,50.84230488134807,1428.0462708421828,9.0,28.125173992176553,0
2025-10-16 11:17:13.571118,78.81590696629996,0.5708356447299353,56.587987678039795,1234.7904627835924,9.041666666666666,26.750632909035662,0
2025-10-16 12:17:13.571118,77.57318226085448,0.5243800713771198,44.9672871736018,1417.3069677753447,9.083333333333334,24.611448259409677,0
2025-10-16 13:17:13.571118,80.40937069693162,0.44359213692632715,55.699392805645225,1552.0561013165773,9.125,26.739571855885398,0
2025-10-16 14:17:13.571118,91.57329283336755,0.37196956013291055,56.58557533669933,1307.2482147578778,9.166666666666666,22.879322296037955,1
2025-10-16 15:17:13.571118,70.66367403704126,0.5872457328280145,49.40965736504461,1308.5698170209914,9.208333333333334,27.566666977062138,0
2025-10-16 16:17:13.571118,83.43130095187257,0.5650201177958661,39.390725504957025,1568.7575763099771,9.25,29.948442682971763,0
2025-10-16 17:17:13.571118,71.93642064405174,0.49008241362206173,46.96089006452784,1490.2695296859097,9.291666666666666,28.21183167993756,0
2025-10-16 18:17:13.571118,77.64034067105283,0.6846636996047666,56.484972732805545,1506.5593990823172,9.333333333333334,22.81119259057777,0
2025-10-16 19:17:13.571118,85.44475298483682,0.39299152336738474,49.88565968850559,1348.3009330599862,9.375,26.084251951819308,0
2025-10-16 20:17:13.571118,80.32140009547732,0.34744748290752614,45.00348883852545,1453.9198571588465,9.416666666666666,21.120575368724058,0
2025-10-16 21:17:13.571118,74.61127611035347,0.43080919301187554,47.476125393858915,1315.1533711463392,9.458333333333334,26.717170933527026,0
2025-10-16 22:17:13.571118,76.42348145370016,0.4954413983644502,54.20310013252276,1678.0396822249575,9.5,26.351810238587618,0
2025-10-16 23:17:13.571118,83.39798874467338,0.5243339449322691,52.7336678410069,1707.0498669447504,9.541666666666666,19.390550981403507,0
2025-10-17 00:17:13.571118,76.34816684141431,0.475876394214367,48.805339504151526,1130.7624275523813,9.583333333333334,21.51464846826291,0
2025-10-17 01:17:13.571118,81.08229294790988,0.5352055396514297,48.16587794092656,1314.097827961518,9.625,24.1505833097687,0
2025-10-17 02:17:13.571118,80.22785919951907,0.37484605758095557,48.04120925478089,1200.6941489819842,9.666666666666666,24.09742075857752,0
2025-10-17 03:17:13.571118,76.74199826197092,0.644376460407326,45.387949077507486,1369.9952131186203,9.708333333333334,21.371569193743582,0
2025-10-17 04:17:13.571118,90.71972044662662,0.4917848821607431,58.07687844734721,1483.3124060419277,9.75,26.16693618805655,1
2025-10-17 05:17:13.571118,83.16959511159006,0.6117295831588128,48.3883976539433,1210.070956060294,9.791666666666666,25.754420826821537,0
2025-10-17 06:17:13.571118,69.87428706671196,0.5342725346377704,56.085792604127484,1315.6280373749373,9.833333333333334,24.417192604064443,0
2025-10-17 07:17:13.571118,80.93227157384713,0.5456753219153784,57.60658025961226,1299.2085255837003,9.875,22.73262549952491,0
2025-10-17 08:17:13.571118,76.69106767615806,0.5569767280232204,54.9915544907398,1541.4534658797888,9.916666666666666,28.146121379249692,0
2025-10-17 09:17:13.571118,84.26216667398111,0.5447708560017315,47.84189843640976,1513.86886740725,9.958333333333334,29.966221339264884,0
2025-10-17 10:17:13.571118,76.0373963078365,0.5642722759867544,52.018650451683044,1355.6524893325493,10.0,23.549315548460388,0
2025-10-17 11:17:13.571118,79.4263177926655,0.6329152530132431,49.87902196804542,1535.3641744278796,10.041666666666666,23.163499248535537,0
2025-10-17 12:17:13.571118,82.52493639490228,0.519652116970147,45.48149069634936,1390.663983082547,10.083333333333334,26.47362299623599,0
2025-10-17 13:17:13.571118,84.32877597085061,0.5709003757588512,51.62179640860801,1445.6689779347894,10.125,23.92591186075904,0
2025-10-17 14:17:13.571118,73.99851796472112,0.4910264305712773,44.10480104420099,1834.6904180597073,10.166666666666666,24.5818083980103,0
2025-10-17 15:17:13.571118,78.32749382079525,0.6440117215449472,55.93839694230782,1768.0922103580697,10.208333333333334,27.218959455174016,0
2025-10-17 16:17:13.571118,77.62527344419522,0.432360769794073,47.67691351350803,1240.0837526144805,10.25,19.27193173747812,0
2025-10-17 17:17:13.571118,76.73335383713145,0.6800940432910816,51.0057982793642,1665.946483575835,10.291666666666666,28.954906974558007,0
2025-10-17 18:17:13.571118,88.82727120140548,0.49598420493556566,51.41643935773071,1662.2793108983185,10.333333333333334,25.218041572988025,0
2025-10-17 19:17:13.571118,82.02490855480478,0.3569224897881952,48.705475131479616,1270.3473422494762,10.375,23.76552056631346,0
2025-10-17 20:17:13.571118,73.69558022832477,0.5128104414910789,52.933469007376374,1663.7555287509722,10.416666666666666,24.732297537335654,0
2025-10-17 21:17:13.571118,84.58930973527389,0.4318948342525119,47.62548171688738,1807.5863836825106,10.458333333333334,24.887288065061558,0
2025-10-17 22:17:13.571118,90.61078098506317,0.5840643548988724,54.35648648728622,1275.4910387511172,10.5,19.806396089665224,1
2025-10-17 23:17:13.571118,85.16232630275573,0.4347376020697609,43.27010159876626,1316.4994357971473,10.541666666666666,29.48481468235971,0
2025-10-18 00:17:13.571118,72.40315017022994,0.45538165667852204,50.63189789773206,1703.5322933687005,10.583333333333334,25.123976896811854,0
2025-10-18 01:17:13.571118,77.57882963566874,0.31104592690544686,59.694644995291426,1554.2990621651295,10.625,26.329006391342126,0
2025-10-18 02:17:13.571118,86.33455574593312,0.45476936807509233,44.99834337697213,1610.2952550479047,10.666666666666666,27.854649311722127,0
2025-10-18 03:17:13.571118,76.4616526719061,0.2576120673371043,46.61127514737574,1568.1178432800994,10.708333333333334,21.9365126273191,0
2025-10-18 04:17:13.571118,82.21909714073114,0.34160971765142767,52.569539248294575,1578.139184185629,10.75,26.420415697105685,0
2025-10-18 05:17:13.571118,83.87317026714669,0.5760414656144297,50.89790890969799,1234.7055743377834,10.791666666666666,24.19707672730362,0
2025-10-18 06:17:13.571118,75.36534764210958,0.5785800158650832,51.753150496367795,1709.4635413242897,10.833333333333334,27.54031232564948,0
2025-10-18 07:17:13.571118,79.702373219691,0.5425457561784964,52.44593565073832,1733.9179984855548,10.875,18.618317738945514,0
2025-10-18 08:17:13.571118,63.79366329965464,0.4033023856870787,53.17360734280885,1454.1218511863945,10.916666666666666,24.702717099276192,0
2025-10-18 09:17:13.571118,74.87806179332856,0.495228864385802,55.54849920978111,1491.3046100372276,10.958333333333334,23.191538032648115,0
2025-10-18 10:17:13.571118,78.7371592430342,0.49963974609094314,52.04909328464257,1193.7784994888557,11.0,26.296788851902466,0
2025-10-18 11:17:13.571118,73.76108409017576,0.38416353108074575,48.79371172690729,1602.850951203567,11.041666666666666,26.410132562104607,0
2025-10-18 12:17:13.571118,88.16205651965818,0.650339830176715,53.362868506013655,1614.4114883428288,11.083333333333334,22.87712231553392,0
2025-10-18 13:17:13.571118,72.84929311019684,0.5877362290575672,59.49940967447608,1487.5617966001378,11.125,22.86347840747187,0
2025-10-18 14:17:13.571118,77.79977756651508,0.4779035826170336,49.33683126808713,1724.8706719741006,11.166666666666666,24.668003894328013,0
2025-10-18 15:17:13.571118,80.65370288643045,0.502688583899453,45.12735347664679,1433.184553804012,11.208333333333334,22.310073318054375,0
2025-10-18 16:17:13.571118,87.20636644533057,0.5208382807947552,55.53540334643486,1612.92118517872,11.25,27.52595108635638,0
2025-10-18 17:17:13.571118,72.82068924410281,0.2958265131575709,49.39809418023201,1296.067132261577,11.291666666666666,23.892378398657662,0
2025-10-18 18:17:13.571118,85.8158187607748,0.4752822617479403,39.13665226992982,1495.2895698251523,11.333333333333334,16.279035342035076,0
2025-10-18 19:17:13.571118,80.05116530509794,0.4318015752002201,54.23710838575211,1465.1291484194328,11.375,23.875533830134582,0
2025-10-18 20:17:13.571118,75.09245674476024,0.3998379990105084,47.32335907023039,1545.0615844081883,11.416666666666666,21.884368537468085,0
2025-10-18 21:17:13.571118,82.31051737131635,0.4718899707114045,49.5473335884792,1426.0946142333282,11.458333333333334,20.106172553617164,0
2025-10-18 22:17:13.571118,80.99529847786735,0.6797686526849522,51.65990165284507,1473.7054808656665,11.5,21.287720085332282,0
2025-10-18 23:17:13.571118,76.99891561420603,0.564084286126701,50.95249839889533,1665.2094342883013,11.541666666666666,25.32822541549891,0
2025-10-19 00:17:13.571118,80.3490104249501,0.4428821010217203,53.547259085695195,1412.6471525523566,11.583333333333334,28.985922484744695,0
2025-10-19 01:17:13.571118,78.0734320156912,0.5572582781356159,47.82256814715078,1178.684579852264,11.625,25.93955342159494,0
2025-10-19 02:17:13.571118,80.56758672625624,0.6399355436586003,52.565528990880416,1849.9167808410841,11.666666666666666,23.18048983535278,0
2025-10-19 03:17:13.571118,83.31065337260523,0.5924633682912769,48.702266612080415,1776.2908157380973,11.708333333333334,26.36771258551211,0
2025-10-19 04:17:13.571118,87.93008408072676,0.5059630369920174,53.694052404437514,1241.5474609788762,11.75,23.622729069343023,0
2025-10-19 05:17:13.571118,73.81092250586576,0.4353063222294426,53.07683742006527,1637.941561049039,11.791666666666666,22.916198892510565,0
2025-10-19 06:17:13.571118,90.66516687328134,0.569822331361359,45.32280648977702,1399.4050458897314,11.833333333333334,21.536911995301047,1
2025-10-19 07:17:13.571118,70.23956100238749,0.539348538542175,55.42991058087516,1552.697443066212,11.875,19.744513579744844,0
2025-10-19 08:17:13.571118,79.24107452482208,0.5895193220027732,47.32018277442976,1558.8448258026988,11.916666666666666,23.830228880321663,0
2025-10-19 09:17:13.571118,82.94158603242288,0.563517180168197,54.040288991405724,1453.1184399367355,11.958333333333334,25.474160469760395,0
2025-10-19 10:17:13.571118,81.40495933867517,0.6049552715319335,51.8364365670067,1343.2468668827207,12.0,24.71012898995533,0
2025-10-19 11:17:13.571118,76.88650240089703,0.4464764788439432,59.190918383975614,1361.891789536748,12.041666666666666,23.752099216157923,0
2025-10-19 12:17:13.571118,78.95938874821363,0.6317394065634325,48.88267008814074,1316.7616169037515,12.083333333333334,22.162761817909658,0
2025-10-19 13:17:13.571118,77.53499532670584,0.51975996046924,48.25341601940901,1333.6355583539112,12.125,26.824738575054905,0
2025-10-19 14:17:13.571118,77.05317621527894,0.7075260872625265,49.90290197056134,1486.564341990129,12.166666666666666,21.048604240160245,1
2025-10-19 15:17:13.571118,84.24801048510513,0.4310812181910432,48.48410108582862,1356.8480021778496,12.208333333333334,27.328083741530428,0
2025-10-19 16:17:13.571118,81.78507742982524,0.6735963803165249,53.99970950971025,1636.410413142524,12.25,21.993348943219825,0
2025-10-19 17:17:13.571118,76.53545202369673,0.5197910783462648,41.91844695781706,1797.4492310671853,12.291666666666666,22.742694287940896,0
2025-10-19 18:17:13.571118,84.49799937716625,0.43485819963855515,44.73158790426823,1383.9893517259914,12.333333333333334,20.59964442815297,0
2025-10-19 19:17:13.571118,81.53649760438304,0.4516114165945678,44.66098539210404,1547.8809001070754,12.375,23.49579355934309,0
2025-10-19 20:17:13.571118,84.06431059419481,0.46796526918056797,54.751537959867875,1599.9370220605867,12.416666666666666,27.925937375433936,0
2025-10-19 21:17:13.571118,83.14814420961807,0.5424165946401917,58.553066862909624,1594.400454183855,12.458333333333334,26.54688426533187,0
2025-10-19 22:17:13.571118,75.85502494538964,0.55228354880355,49.47775390731264,1515.1910535832176,12.5,27.935266336084105,0
2025-10-19 23:17:13.571118,77.19909479901516,0.4426299996061421,49.155891384049944,1648.5364836719446,12.541666666666666,26.56642763780181,0
2025-10-20 00:17:13.571118,83.7364680256163,0.4975645407739017,50.35026081556591,1596.4497905361313,12.583333333333334,21.688990514408893,0
2025-10-20 01:17:13.571118,83.05185132716733,0.7142270358611864,55.80939151304095,1252.4675155345403,12.625,24.007632327017326,1
2025-10-20 02:17:13.571118,79.89549203017926,0.6727543170100712,45.36323432904713,1673.8312128778546,12.666666666666666,22.65940261264761,0
2025-10-20 03:17:13.571118,80.58663691654391,0.5436323669674032,51.191844913673926,1677.4581674533483,12.708333333333334,28.99172471211712,0
2025-10-20 04:17:13.571118,86.38832447894212,0.50380034781682,54.87598814891215,1347.3427791642837,12.75,21.409634060721064,0
2025-10-20 05:17:13.571118,77.04214305582084,0.5120031326718262,52.50547084969923,1507.5875670895205,12.791666666666666,27.681093068167332,0
2025-10-20 06:17:13.571118,82.7354869058502,0.5613517972730416,50.94790808299372,1636.665798562214,12.833333333333334,27.678861610326308,0
2025-10-20 07:17:13.571118,78.98903673783053,0.39772074348015946,55.005230462835705,1458.1372360841276,12.875,30.48886060514826,0
2025-10-20 08:17:13.571118,78.9115939838639,0.4742623462576655,36.48383853500381,1714.5956095532024,12.916666666666666,23.77094022211151,0
2025-10-20 09:17:13.571118,85.49388425993595,0.3331415926122411,53.38937659765454,1972.7744989238722,12.958333333333334,27.136966478740487,0
2025-10-20 10:17:13.571118,84.12708174494014,0.5399223122605279,46.72962158436288,1342.8027934730035,13.0,31.84495550961653,0
2025-10-20 11:17:13.571118,84.06754818000319,0.564719593970274,40.846835515717714,1223.791079369245,13.041666666666666,23.14707496919891,0
2025-10-20 12:17:13.571118,86.52739403577165,0.4516813537700626,52.556012997624904,1560.763719120975,13.083333333333334,20.39487925740292,0
2025-10-20 13:17:13.571118,80.1050192081638,0.6573986763290033,56.86829272581479,1644.3125010252288,13.125,19.35996989827671,0
2025-10-20 14:17:13.571118,83.40976485647482,0.3774234336997659,49.31275742686154,1453.826725231046,13.166666666666666,27.138136086583994,0
2025-10-20 15:17:13.571118,78.44866621703272,0.353562511979018,54.76437273601469,1790.6521326642069,13.208333333333334,19.35054937582425,0
2025-10-20 16:17:13.571118,81.62083176244221,0.5224451818559972,58.06139128994323,1232.2788400553502,13.25,23.88304284118623,0
2025-10-20 17:17:13.571118,79.34928472816158,0.6047098302612155,56.57457226792024,1638.5837246063222,13.291666666666666,26.311939561116883,0
2025-10-20 18:17:13.571118,80.48497982496359,0.6683927691457869,58.199822646856965,1378.8278358482214,13.333333333333334,25.555526610489743,0
2025-10-20 19:17:13.571118,82.97578512718457,0.454111573713106,53.71063745535946,1843.8755812414593,13.375,26.276334592552516,0
2025-10-20 20:17:13.571118,75.90889658383264,0.6078680833431296,50.377168194507966,1898.5030706336238,13.416666666666666,25.66686956740256,0
2025-10-20 21:17:13.571118,90.4619363784273,0.4961491530499293,41.99017094051416,1346.6686824433305,13.458333333333334,28.836597439940178,1
2025-10-20 22:17:13.571118,74.96991309250149,0.48273727000591804,48.76968755935026,1390.0885728182839,13.5,22.14305085778361,0
2025-10-20 23:17:13.571118,73.92905693606134,0.5883659937486673,45.78376702341904,1671.9175773959605,13.541666666666666,22.969014584624407,0
2025-10-21 00:17:13.571118,85.79055436750033,0.5652322878413419,60.85471358748907,1422.573870042097,13.583333333333334,22.682021664187527,0
2025-10-21 01:17:13.571118,83.95831346981468,0.342360784301575,49.120570937838316,1490.9177564135523,13.625,27.49057543558783,0
2025-10-21 02:17:13.571118,83.12059908526078,0.6476540349725896,50.61602403392243,1505.0776841084821,13.666666666666666,27.70119576518519,0
2025-10-21 03:17:13.571118,83.1417275463214,0.6380091354147451,52.75742688020234,1116.0653687604688,13.708333333333334,26.353675957955524,0
2025-10-21 04:17:13.571118,79.93876613576543,0.43744372984904706,50.21801223186227,1497.2324507811525,13.75,28.550481000669784,0
2025-10-21 05:17:13.571118,75.51372814257084,0.5395803533437409,58.47525520215376,1362.0544451871651,13.791666666666666,21.46587739787086,0
2025-10-21 06:17:13.571118,80.37902279096863,0.5494030186282739,46.88675319132774,1401.3754355200456,13.833333333333334,30.00167233465341,0
2025-10-21 07:17:13.571118,76.61419144243945,0.5260673765823907,50.97303727618621,1788.7264006937628,13.875,29.569715865136775,0
2025-10-21 08:17:13.571118,84.87559866708875,0.444969484615458,46.28764707150976,1248.6986211441488,13.916666666666666,27.20686599173724,0
2025-10-21 09:17:13.571118,79.2647130924893,0.4328376632061948,43.399887443896475,1662.6410373495955,13.958333333333334,30.34539672631318,0
2025-10-21 10:17:13.571118,75.87251401603744,0.49744459290085546,46.94115454547357,1444.2074139336382,14.0,20.030130376966678,0
2025-10-21 11:17:13.571118,78.39307079173503,0.6172729019259364,49.81481601475794,1444.0479663008332,14.041666666666666,23.426655591212043,0
2025-10-21 12:17:13.571118,82.06465727137812,0.5543600154594432,47.8534888774137,1658.0743792103422,14.083333333333334,22.794089617954143,0
2025-10-21 13:17:13.571118,77.18137723598012,0.4629385667913894,46.53789510063072,1568.010258913778,14.125,27.16443797127203,0
2025-10-21 14:17:13.571118,75.88889802216784,0.5771698710648345,42.96841268164083,1614.1225994439062,14.166666666666666,21.849577781193563,0
2025-10-21 15:17:13.571118,81.21843605745956,0.21514573793699243,49.584472136856526,1693.6369321065722,14.208333333333334,27.272485448012457,0
2025-10-21 16:17:13.571118,81.22483285554361,0.6148765700372103,42.47639812984499,1433.7383233633354,14.25,29.111608431990142,0
2025-10-21 17:17:13.571118,77.46528412314436,0.32602862212219,53.80027981844801,1377.55265309845,14.291666666666666,27.085608700252,0
2025-10-21 18:17:13.571118,77.64480847190839,0.4637559058596868,50.41219876467252,1282.9698946884405,14.333333333333334,25.851253070984505,0
2025-10-21 19:17:13.571118,81.16024968678818,0.3880330105373856,42.712242502675345,1334.9178940042088,14.375,22.036379977297752,0
2025-10-21 20:17:13.571118,72.75957829251338,0.3705318524279094,48.453954614750685,2089.8188850617453,14.416666666666666,22.459447101623905,0
2025-10-21 21:17:13.571118,72.96268112811723,0.6160826787378519,46.239217972047086,1748.9359161473574,14.458333333333334,28.74885671589,0
2025-10-21 22:17:13.571118,76.40777889373783,0.45322987986881086,51.595872552095905,1229.7851267583958,14.5,27.338047011715997,0
2025-10-21 23:17:13.571118,78.93276424144076,0.5346503881730715,56.702252230115725,1235.508408651286,14.541666666666666,24.882941441867366,0
2025-10-22 00:17:13.571118,81.55453782799002,0.49530794211208157,40.62413765177128,1596.3732123436982,14.583333333333334,23.746271362702327,0
2025-10-22 01:17:13.571118,87.37678108474776,0.5477040827223122,50.575130395737084,1609.4529594755934,14.625,18.92257638066587,0
2025-10-22 02:17:13.571118,84.2882981160101,0.5076821891060256,49.1993360221668,1609.7767670634728,14.666666666666666,21.787442743946684,0
2025-10-22 03:17:13.571118,79.20030735018287,0.37170077758114306,53.35670038225233,1449.0088412892605,14.708333333333334,30.73425726141917,0
2025-10-22 04:17:13.571118,79.90491896048655,0.599626681944714,51.06598314118845,1474.90914799942,14.75,21.1586332869926,0
2025-10-22 05:17:13.571118,74.98735317681096,0.4506243416838688,46.240153341305906,1565.5759048318714,14.791666666666666,25.568439463663243,0
2025-10-22 06:17:13.571118,79.90743432003805,0.3443418101340249,48.40473032166691,1517.178601258666,14.833333333333334,28.022331919585596,0
2025-10-22 07:17:13.571118,78.5567068053993,0.4571884839034087,46.019870715982556,1056.139925450493,14.875,21.23523199599312,0
2025-10-22 08:17:13.571118,81.61359280169044,0.6500759790634311,55.38003569299299,1454.0400738849612,14.916666666666666,25.55413142434325,0
2025-10-22 09:17:13.571118,75.86384528223839,0.5850221742113493,50.106558243359714,1329.7187131479373,14.958333333333334,27.813746612531965,0
2025-10-22 10:17:13.571118,82.59673257120586,0.4651347865592141,59.50595342876504,1535.0422837817025,15.0,25.03749796572175,0
2025-10-22 11:17:13.571118,87.66369456501289,0.46507422956815714,49.69669593092689,2097.0518005206823,15.041666666666666,33.605209167000304,0
2025-10-22 12:17:13.571118,79.45619925771571,0.46783649487826173,46.45796616544769,1573.4963330948608,15.083333333333334,19.994202223365413,0
2025-10-22 13:17:13.571118,82.0085586104947,0.707674798356084,42.43142803693586,1437.2940627655205,15.125,28.176185589651638,1
2025-10-22 14:17:13.571118,83.45071995855557,0.5381935452231553,40.98430161872027,1684.3603003954504,15.166666666666666,24.481594787810607,0
2025-10-22 15:17:13.571118,77.99389764057082,0.543004164719107,42.07932028497255,1596.5375774418426,15.208333333333334,27.315760464510024,0
2025-10-22 16:17:13.571118,81.12046240905208,0.6030283454031842,51.33563325505742,1584.0188980903683,15.25,26.32392145509774,0
2025-10-22 17:17:13.571118,80.06296200390898,0.5238789159026513,52.54362511614967,1621.3701186431342,15.291666666666666,22.80053140867001,0
2025-10-22 18:17:13.571118,80.48838049274416,0.4740957854179297,42.094046489839336,1911.3087129659084,15.333333333333334,25.68698917737802,0
2025-10-22 19:17:13.571118,76.13495108072267,0.4803650150915022,54.475191570380574,1273.8223129348169,15.375,19.42629564580514,0
2025-10-22 20:17:13.571118,80.12255087129472,0.4928398740585936,47.5846947415828,1594.726415362291,15.416666666666666,26.809742501714183,0
2025-10-22 21:17:13.571118,82.48999145622724,0.4962777763490158,50.73396505992775,1314.7237740036924,15.458333333333334,25.894475397971576,0
2025-10-22 22:17:13.571118,87.2557180389752,0.572762954363698,58.06110314127712,1611.1025292684496,15.5,26.91598050592931,0
2025-10-22 23:17:13.571118,84.79635413042604,0.50519458858073,54.48419657932766,1316.2626977027812,15.541666666666666,28.17435497526145,0
2025-10-23 00:17:13.571118,90.76591228755778,0.5732640077215579,48.65734676047084,1416.5266372789831,15.583333333333334,26.10285952062913,1
2025-10-23 01:17:13.571118,76.16326218555976,0.49192834198914176,45.544038872923565,1440.9820171524188,15.625,25.44426825939483,0
2025-10-23 02:17:13.571118,84.36160318360339,0.5078635190316091,39.24092299335348,1695.1633438689419,15.666666666666666,22.356794990016123,0
2025-10-23 03:17:13.571118,80.91671002869175,0.30017993154678924,46.4042334037879,1683.6908887884829,15.708333333333334,22.863337709052846,0
2025-10-23 04:17:13.571118,90.94901466608836,0.5916327674702482,48.94434880586153,1250.856524710723,15.75,28.560203860531992,1
2025-10-23 05:17:13.571118,75.95850857322424,0.5346488475897992,45.06410236424408,1510.9868221999698,15.791666666666666,29.309006217117936,0
2025-10-23 06:17:13.571118,75.80139078909612,0.5998010109859653,49.34371516453847,1358.0840290501656,15.833333333333334,24.285668691063837,0
2025-10-23 07:17:13.571118,77.0030367727799,0.21037446218063105,50.38425941479384,1248.2990178649331,15.875,25.138008241759824,0
2025-10-23 08:17:13.571118,69.38052137845096,0.7088374704780728,48.875720090959604,1456.5965899151258,15.916666666666666,22.2861568750187,1
2025-10-23 09:17:13.571118,77.3712248915962,0.4860410371844826,46.7499870958827,1438.303442308836,15.958333333333334,28.518270535802333,0
2025-10-23 10:17:13.571118,76.20433669223151,0.6108182816737516,50.84327335983364,1985.3432972691044,16.0,26.996250471075335,0
2025-10-23 11:17:13.571118,80.75196893238103,0.39600940728744694,52.209703247847045,1586.5919650721391,16.041666666666668,30.82365230939125,0
2025-10-23 12:17:13.571118,81.70877987888579,0.5612773905062569,44.54800461278577,1224.4764998491526,16.083333333333332,22.365030768460784,0
2025-10-23 13:17:13.571118,89.38085419607943,0.39465844368263436,57.054661898731354,1387.0451991658115,16.125,23.86597630294535,0
2025-10-23 14:17:13.571118,84.75211919093024,0.4376231039304195,49.50705933857869,1704.2766590858796,16.166666666666668,25.694337767576716,0
2025-10-23 15:17:13.571118,77.11548172168798,0.6914031353866786,50.09424811472424,1917.6885545739851,16.208333333333332,26.93946861317731,0
2025-10-23 16:17:13.571118,75.50792664325822,0.4809317599236653,53.541072116282784,1182.8033375524083,16.25,24.352997087357103,0
2025-10-23 17:17:13.571118,82.45959585753253,0.5217432873179723,51.16608065631751,1124.015122972191,16.291666666666668,22.3811167286389,0
2025-10-23 18:17:13.571118,73.3988339648968,0.5870067730688754,54.76568316956622,1874.1930350743564,16.333333333333332,27.644222586770713,0
2025-10-23 19:17:13.571118,89.15729382927177,0.5495681887972604,51.43562082600912,1577.9228354741808,16.375,27.163406087636744,0
2025-10-23 20:17:13.571118,85.89720060360644,0.5150418905143577,46.93781312679781,1326.3414536247267,16.416666666666668,22.251177698308826,0
2025-10-23 21:17:13.571118,77.65412173947648,0.5364961002466225,51.80751762603051,1606.925817224487,16.458333333333332,29.066328403316486,0
2025-10-23 22:17:13.571118,71.43432735454562,0.7403415585238275,44.28136896339669,972.8504521966245,16.5,28.51059612758981,1
2025-10-23 23:17:13.571118,86.76936187082707,0.49423812029664144,50.542798528882614,1500.675101319432,16.541666666666668,25.40288949174338,0
2025-10-24 00:17:13.571118,79.42730077373692,0.5201099046714968,49.8338500467777,1565.564234568617,16.583333333333332,25.23879358712811,0
2025-10-24 01:17:13.571118,86.1890815598673,0.6050654396007612,48.9594157136373,1684.854027907566,16.625,26.662173313347722,0
2025-10-24 02:17:13.571118,72.02786170602816,0.6105525932957984,49.357312442805345,1297.2208095414924,16.666666666666668,22.414890789231226,0
2025-10-24 03:17:13.571118,77.00312488523113,0.618703030556038,40.5907547725118,1517.1374322806719,16.708333333333332,25.090094437492247,0
2025-10-24 04:17:13.571118,80.02621849859092,0.5638730222029185,47.25637546129519,1314.9150747880826,16.75,18.542849366172458,0
2025-10-24 05:17:13.571118,80.2349029688237,0.38569950872695163,50.46422450570557,1551.0767511348633,16.791666666666668,27.629366936508806,0
2025-10-24 06:17:13.571118,77.74967264260378,0.6633431532301096,50.799281959987,1320.9307355273952,16.833333333333332,20.31552033267442,0
2025-10-24 07:17:13.571118,83.11424966173749,0.3853654606981312,44.861624295370206,1418.3798321679558,16.875,29.510259485286998,0
2025-10-24 08:17:13.571118,74.66189785308703,0.5302635465239033,56.328539204323505,1300.8369210419542,16.916666666666668,24.00963971810065,0
2025-10-24 09:17:13.571118,79.28810257489353,0.4245724149980642,45.66912575892749,1630.2272483647314,16.958333333333332,24.364999054206468,0
2025-10-24 10:17:13.571118,80.60147815855949,0.49358616534070077,54.84728600263368,1671.690223331333,17.0,23.116798281746483,0
2025-10-24 11:17:13.571118,82.57219417029374,0.532876241030348,52.13597180935842,1453.0758860085173,17.041666666666668,24.13588337823377,0
2025-10-24 12:17:13.571118,83.55807439044445,0.5321357215450273,46.768863450780984,1507.6475989920057,17.083333333333332,29.255594035444112,0
2025-10-24 13:17:13.571118,74.37678954081065,0.5421920754235284,58.87655446304756,1210.2817170732912,17.125,17.53657403039476,0
2025-10-24 14:17:13.571118,72.32942914632189,0.6613711269058647,44.0318158412176,1440.0646703986426,17.166666666666668,28.830896158264565,0
2025-10-24 15:17:13.571118,86.38838410949255,0.545353430151398,54.59577086805001,1489.959076591651,17.208333333333332,26.014070443305123,0
2025-10-24 16:17:13.571118,81.66157005989795,0.4755843364709351,55.00291159021489,2024.158618205995,17.25,21.378935056428354,0
2025-10-24 17:17:13.571118,76.25756731721724,0.5964087168288357,46.64689895461677,1277.6065948451674,17.291666666666668,21.774062820852286,0
2025-10-24 18:17:13.571118,87.75575987761262,0.6189470488924641,56.962326500321645,1792.8354477504874,17.333333333333332,30.02917908162461,0
2025-10-24 19:17:13.571118,80.57837317146429,0.37723921848630076,48.74976742700524,1699.3717546931616,17.375,22.163479360171806,0
2025-10-24 20:17:13.571118,85.89648592031914,0.5597400069849858,51.44346814639928,1556.1272808980273,17.416666666666668,21.53994846821212,0
2025-10-24 21:17:13.571118,80.33759240705055,0.5701172742310898,51.3016091938561,1851.7240968390267,17.458333333333332,28.41194362709419,0
2025-10-24 22:17:13.571118,90.30373962440993,0.4702436496640008,49.32845629264726,1574.4210945213727,17.5,26.015658628857743,1
2025-10-24 23:17:13.571118,88.77670421221602,0.6375706813311619,54.05404136579891,1577.8318391335858,17.541666666666668,22.186223270390805,0
2025-10-25 00:17:13.571118,78.75517925760464,0.48499444129674735,53.967443602761065,1489.375869396491,17.583333333333332,25.649874926213858,0
2025-10-25 01:17:13.571118,84.85785475477178,0.5125576453471542,41.257340133809095,1744.7137764837255,17.625,21.922741949079168,0
2025-10-25 02:17:13.571118,83.22687974792574,0.48269281757161303,56.52170121439076,1719.2938467621768,17.666666666666668,28.302464195267817,0
2025-10-25 03:17:13.571118,86.84315778766174,0.5015579047581468,41.68754005982163,1374.8645425007576,17.708333333333332,28.1841128946194,0
2025-10-25 04:17:13.571118,75.17538269709948,0.3903724913104798,55.16273102170829,1236.1505610802465,17.75,26.59601859646583,0
2025-10-25 05:17:13.571118,83.43025729999219,0.3559949117405705,55.633525684137915,1459.4038725208686,17.791666666666668,26.08498318374105,0
2025-10-25 06:17:13.571118,85.29212243424794,0.6594505063224972,44.54516784892401,1339.9922871204708,17.833333333333332,30.283564374602122,0
2025-10-25 07:17:13.571118,71.20630256788442,0.4153038651681672,47.945928560227074,1487.295085076929,17.875,24.999058982164676,0
2025-10-25 08:17:13.571118,74.08370743667112,0.4008607650543693,44.47147665757032,1747.4876269368278,17.916666666666668,21.454377623737596,0
2025-10-25 09:17:13.571118,69.8038391111995,0.2846609886396285,48.92539484855632,1408.539668982642,17.958333333333332,26.34842173849692,0
2025-10-25 10:17:13.571118,78.65296582777721,0.4361038252310498,48.45982857907129,1491.435323737685,18.0,31.25814114861134,0
2025-10-25 11:17:13.571118,83.58771127897981,0.3676910206592502,53.8983026613467,1511.604546961679,18.041666666666668,21.955721520442445,0
2025-10-25 12:17:13.571118,87.51178526048014,0.664201516013637,56.55154373059804,1669.686176441057,18.083333333333332,23.915611699918042,0
2025-10-25 13:17:13.571118,80.37047390209888,0.6009817089342634,56.97841905394978,1050.6221332030789,18.125,26.249338114304358,0
2025-10-25 14:17:13.571118,88.14307772785646,0.4311849654822276,47.189159867108486,1378.6599410469407,18.166666666666668,24.83828545298278,0
2025-10-25 15:17:13.571118,73.09949270892554,0.7252435805344308,48.95389063127736,1542.2567384558945,18.208333333333332,22.053089258868056,1
2025-10-25 16:17:13.571118,71.48308780322422,0.5981765486991595,41.58280903889525,1740.0157912853722,18.25,28.365573568691413,0
2025-10-25 17:17:13.571118,79.72226150551691,0.46751686164913775,45.970649667519055,1401.619510498759,18.291666666666668,31.96012216605178,0
2025-10-25 18:17:13.571118,81.92032724469654,0.2500594285126427,54.82425816548729,1124.6894587916252,18.333333333333332,25.588394377071722,0
2025-10-25 19:17:13.571118,79.83652625952953,0.7290942572590742,58.07791411774116,1623.9422891932272,18.375,22.287795130792,1
2025-10-25 20:17:13.571118,69.66278949980062,0.3610427533236404,43.82825564060039,1372.9275222348742,18.416666666666668,20.353118424839575,0
2025-10-25 21:17:13.571118,79.55439980243605,0.3354601253043108,47.03767870423553,1262.0666681819278,18.458333333333332,25.773927943663544,0
2025-10-25 22:17:13.571118,73.47765249747573,0.6022570432009641,49.867971215205365,1375.1309220573553,18.5,28.311632029948772,0
2025-10-25 23:17:13.571118,83.3483627441502,0.7439752406339273,51.400805794098034,1463.0949284688302,18.541666666666668,26.425503239486144,1
2025-10-26 00:17:13.571118,81.83299123048424,0.6384272818510518,45.95198240039177,1379.0510670923575,18.583333333333332,24.992788477243437,0
2025-10-26 01:17:13.571118,75.30060106836322,0.5563909120052359,52.12030522232045,1058.8867885801862,18.625,23.232185044632082,0
2025-10-26 02:17:13.571118,77.43066541331653,0.5594754341665286,47.63080326464542,1679.4132393774264,18.666666666666668,21.723509101845732,0
2025-10-26 03:17:13.571118,74.70393239055524,0.5853415558780308,49.927738645608606,1754.9750082557443,18.708333333333332,27.504253978974646,0
2025-10-26 04:17:13.571118,79.68660451363414,0.5758928589786765,52.7314212400185,1630.3043982679012,18.75,27.741314864156756,0
2025-10-26 05:17:13.571118,84.77571160250619,0.5281191423969376,50.03211134905469,1272.4628659150367,18.791666666666668,20.3628106399278,0
2025-10-26 06:17:13.571118,75.07136976832228,0.5104201103951876,47.81807054736716,1459.7016932104964,18.833333333333332,29.769516934542054,0
2025-10-26 07:17:13.571118,82.52023257758923,0.49374068721004777,49.451950980370846,1498.6957369541085,18.875,26.722213662682005,0
2025-10-26 08:17:13.571118,77.3487119081378,0.4246035411133324,49.55818520397332,1619.758877912382,18.916666666666668,29.19878393543738,0
2025-10-26 09:17:13.571118,76.03563583868828,0.47193249231332257,48.149944850589364,1633.6680977436163,18.958333333333332,20.973616754544654,0
2025-10-26 10:17:13.571118,79.46484820022721,0.33070431858046145,48.70601968666449,1353.1652402443008,19.0,20.902527533753684,0
2025-10-26 11:17:13.571118,74.82378838790314,0.490166037320525,57.99323585252358,1516.399111282712,19.041666666666668,24.55309207069811,0
2025-10-26 12:17:13.571118,77.23175347326409,0.40114088928490826,52.8045972397062,1591.4560809230481,19.083333333333332,26.508353280685583,0
2025-10-26 13:17:13.571118,74.01061053705575,0.38964106827842293,48.5225984098542,1791.1644644293533,19.125,30.38908246878089,0
2025-10-26 14:17:13.571118,89.82362566458195,0.5179894151153478,53.48477202255368,1640.9013079649446,19.166666666666668,27.118236741445394,0
2025-10-26 15:17:13.571118,80.17631775985865,0.6392002286344599,48.33090255121995,1657.8113374751038,19.208333333333332,24.2719561695639,0
2025-10-26 16:17:13.571118,76.50137246003708,0.5918316606002313,55.86562318793321,1516.7653255858722,19.25,21.920892377002325,0
2025-10-26 17:17:13.571118,81.0698995536711,0.3429499396376823,51.84821096099047,1782.0918290407008,19.291666666666668,28.69000171815745,0
2025-10-26 18:17:13.571118,79.43835975154585,0.40103718634296626,49.46348927997886,1581.9525591918996,19.333333333333332,22.105883722747855,0
2025-10-26 19:17:13.571118,78.89515200233389,0.5940771187988216,52.23858462905139,1327.782417965286,19.375,29.885405664316963,0
2025-10-26 20:17:13.571118,83.07083350021712,0.40175126064616906,42.145619239657506,1780.6739940250382,19.416666666666668,24.14684605118047,0
2025-10-26 21:17:13.571118,83.78753855023652,0.47753668500029756,44.36616265545097,1639.5806545078055,19.458333333333332,29.77174621785355,0
2025-10-26 22:17:13.571118,77.34749426194736,0.5550052099024552,44.03037496800472,1411.3911957743035,19.5,27.036793870177835,0
2025-10-26 23:17:13.571118,77.1209087967766,0.40316555451363645,50.714715473818536,1404.1014065201514,19.541666666666668,24.589013531672624,0
2025-10-27 00:17:13.571118,78.62474151424178,0.5105375506145959,58.66257499742546,1559.3151090281524,19.583333333333332,23.44181088452162,0
2025-10-27 01:17:13.571118,68.49039417632207,0.36659745050817955,61.15650073096316,1592.6369590535169,19.625,23.97727636796176,0
2025-10-27 02:17:13.571118,72.42404468900725,0.4398632356048786,53.19025550720379,1539.4584531262412,19.666666666666668,26.284950077125714,0
2025-10-27 03:17:13.571118,86.83437133722262,0.5319781934142537,52.50422237472228,1562.261734688577,19.708333333333332,25.23146948865315,0
2025-10-27 04:17:13.571118,88.22483856750642,0.3407006266468331,40.9947113292363,1839.991474915276,19.75,23.218565775793884,0
2025-10-27 05:17:13.571118,78.75481980221811,0.5440474737960399,47.286631001329894,1714.308630446977,19.791666666666668,24.503105769047103,0
2025-10-27 06:17:13.571118,82.88278481527882,0.4980362201073319,46.061081240458805,1538.127118253005,19.833333333333332,25.23573108915745,0
2025-10-27 07:17:13.571118,81.55625077271768,0.5552489954417148,46.89576200874442,1688.2621161534967,19.875,18.613797716755563,0
2025-10-27 08:17:13.571118,95.3944040422762,0.5223914134064661,49.15928090707605,1293.495219294492,19.916666666666668,26.374504344366095,1
2025-10-27 09:17:13.571118,85.59787455717289,0.6364140429973845,47.63954711151436,1579.5854099893618,19.958333333333332,22.06083632584958,0
2025-10-27 10:17:13.571118,79.36041204259617,0.5125224502647907,40.10350094812106,1861.861269946622,20.0,21.540002790382765,0
2025-10-27 11:17:13.571118,75.22229779699788,0.4570594458874747,53.73955128058767,1456.3908209215251,20.041666666666668,19.937966958667868,0
2025-10-27 12:17:13.571118,71.96776839871214,0.5122297503032284,44.636284871300965,1330.473214276183,20.083333333333332,19.61832250639633,0
2025-10-27 13:17:13.571118,81.01731817933612,0.5543298029036388,51.196234320555746,1369.5822222813879,20.125,20.933657490663133,0
2025-10-27 14:17:13.571118,76.21824627357849,0.5048860070325705,60.370413348749864,1282.0733925315224,20.166666666666668,22.87293712710853,0
2025-10-27 15:17:13.571118,72.88873145201163,0.5040591691203883,45.403077042067885,1343.0476183744593,20.208333333333332,30.859777412579703,0
2025-10-27 16:17:13.571118,76.76713557878736,0.42980083121932444,37.348562386268355,1425.8983802819942,20.25,23.422360972314387,0
2025-10-27 17:17:13.571118,74.59225998192802,0.4337099082449052,48.569978890599444,1218.8865961642716,20.291666666666668,25.533250318804093,0
2025-10-27 18:17:13.571118,88.43570817536282,0.3597394728200306,55.50479817499286,1503.1236667899207,20.333333333333332,26.201444159518985,0
2025-10-27 19:17:13.571118,84.40819878474726,0.6749576743186939,59.79173727110297,1680.4554347573294,20.375,25.393195558647545,0
2025-10-27 20:17:13.571118,79.96013679341691,0.3756136764608715,43.85225202773792,1318.4487639706158,20.416666666666668,24.76766961782202,0
2025-10-27 21:17:13.571118,87.39972069445012,0.4307094802204093,52.48349611618261,1803.856784728354,20.458333333333332,21.414118709202267,0
2025-10-27 22:17:13.571118,80.38684153823809,0.42815927344308025,47.67344771609973,1602.158417705519,20.5,29.352782644837635,0
2025-10-27 23:17:13.571118,75.69357899335868,0.5894924376944441,49.470258228479324,1706.1161171248114,20.541666666666668,30.421589930913655,0
2025-10-28 00:17:13.571118,87.61562038634828,0.4705050321707972,63.221716735085174,1368.4330892295725,20.583333333333332,19.95202391763194,0
2025-10-28 01:17:13.571118,82.69455021842329,0.6247742072673734,42.48514835802423,1670.905045413323,20.625,21.92791422734086,0
2025-10-28 02:17:13.571118,74.81376922836772,0.4326509375756131,51.26869830747287,1281.6132199209374,20.666666666666668,24.160568972868983,0
2025-10-28 03:17:13.571118,79.04830660958196,0.5278994162223802,52.33846585882716,1678.0495001673016,20.708333333333332,22.106386615269425,0
2025-10-28 04:17:13.571118,75.62190873307621,0.41646529467402427,55.42893162469674,1534.3678679587063,20.75,26.517896660367597,0
2025-10-28 05:17:13.571118,73.08600134517832,0.7145149127773388,50.489915767354475,1610.6502439969568,20.791666666666668,22.81518339278016,1
2025-10-28 06:17:13.571118,84.63088773765821,0.3812401580970487,51.540252697520515,1264.8810788750297,20.833333333333332,31.49516820341981,0
2025-10-28 07:17:13.571118,89.54708320235065,0.5309820710227028,48.041757162891045,1320.986031544679,20.875,28.57164578303079,0
2025-10-28 08:17:13.571118,73.00716213090429,0.5633776880932099,51.34563470622554,1619.4456436506769,20.916666666666668,25.637722091896645,0
2025-10-28 09:17:13.571118,82.81484618345286,0.5413799097451498,48.284038622512945,1310.3303991551597,20.958333333333332,28.080958789959197,0
2025-10-28 10:17:13.571118,76.74678715439086,0.4814712341122292,53.107859449280255,1592.6412584198247,21.0,28.317701273071926,0
2025-10-28 11:17:13.571118,77.56437308117651,0.4870179300266574,48.15194831978183,1226.5724387079508,21.041666666666668,23.30815753582527,0
2025-10-28 12:17:13.571118,77.03803037880566,0.5043811471979109,51.88550196951093,1669.6348425333335,21.083333333333332,22.551348266374106,0
2025-10-28 13:17:13.571118,75.68004615160092,0.48529979983715116,49.85368593157511,1253.4953370462981,21.125,25.234429188908944,0
2025-10-28 14:17:13.571118,80.24260813972414,0.596387911679491,55.63025125386084,1610.4599875359047,21.166666666666668,27.584908373493832,0
2025-10-28 15:17:13.571118,75.84524941794481,0.7210523001591351,49.743031382057566,1625.1261867292,21.208333333333332,25.417181195960254,1
2025-10-28 16:17:13.571118,81.3522841288992,0.44425082149921663,41.134837658965594,1360.645636314085,21.25,20.26901055342701,0
2025-10-28 17:17:13.571118,79.74880945275432,0.3630197020420922,56.30960750356996,1616.4053134169453,21.291666666666668,22.591526668147473,0
2025-10-28 18:17:13.571118,78.80525976566796,0.4911717951648745,45.47133849568691,1552.0884526667112,21.333333333333332,24.778081409216867,0
2025-10-28 19:17:13.571118,75.462181689792,0.7579709337654319,46.731168306755904,1392.2316287614524,21.375,24.77300318702251,1
2025-10-28 20:17:13.571118,77.11614334715834,0.4196325432030269,47.02169352978254,1298.2890631847583,21.416666666666668,30.917626530369425,0
2025-10-28 21:17:13.571118,83.77695612912878,0.6639116805444067,56.87219046585409,1107.4748616654842,21.458333333333332,20.842036172803006,0
2025-10-28 22:17:13.571118,82.5045859381219,0.667770081407644,39.32162893010652,1569.9300094599387,21.5,26.516767725507624,0
2025-10-28 23:17:13.571118,75.11222377600724,0.44464117582920054,65.68874266829997,1187.039445727589,21.541666666666668,29.46733932498487,0
2025-10-29 00:17:13.571118,80.49666152714613,0.5568983079185276,55.28028404533026,1519.0688398882617,21.583333333333332,31.814349236268388,0
2025-10-29 01:17:13.571118,83.75693561685894,0.6628396623128539,51.116194570645796,1447.31035678355,21.625,23.786807730448118,0
2025-10-29 02:17:13.571118,71.65297359439315,0.4620872259012513,49.72552999691857,1635.8285550876392,21.666666666666668,26.4742883581606,0
2025-10-29 03:17:13.571118,82.71680096189968,0.47964196398976383,51.427770374288286,1439.5909001020273,21.708333333333332,26.709281071595942,0
2025-10-29 04:17:13.571118,76.68688120527077,0.4418319086051356,52.60561214189669,1434.1104427305818,21.75,25.586445194659873,0
2025-10-29 05:17:13.571118,82.8529933429658,0.3985243269307133,53.22607792975028,1646.374140857659,21.791666666666668,24.703464396282083,0
2025-10-29 06:17:13.571118,76.18370421728741,0.4350722454933993,52.778022330017244,1567.0116058168235,21.833333333333332,26.30792616850014,0
2025-10-29 07:17:13.571118,70.9755894966774,0.3776059733237743,50.44790340627625,1563.2311914365557,21.875,17.403261744340945,0
2025-10-29 08:17:13.571118,71.86228781058419,0.5034083468259226,49.01330789846337,1593.8535179617052,21.916666666666668,27.046208470187892,0
2025-10-29 09:17:13.571118,80.24042473330691,0.42300267689413584,49.24363358173244,1192.8855753585788,21.958333333333332,25.378533710985902,0
2025-10-29 10:17:13.571118,81.2986125086074,0.5233785911790748,49.0254585982366,1651.3577359973965,22.0,24.332575309665202,0
2025-10-29 11:17:13.571118,75.47841687447796,0.3444104353796372,55.66885048433532,1622.4937588027205,22.041666666666668,31.140586587158673,0
2025-10-29 12:17:13.571118,83.19296229388686,0.5330880232214457,52.96778361140431,1296.6633742847005,22.083333333333332,22.975197943628345,0
2025-10-29 13:17:13.571118,71.6923996886552,0.5833528961608925,35.2980568266786,1451.1839052651596,22.125,23.79077203280491,0
2025-10-29 14:17:13.571118,79.66960100676341,0.3006264357428544,53.279503882648804,1492.1385424744738,22.166666666666668,30.974659906614203,0
2025-10-29 15:17:13.571118,73.94491900118771,0.5374056569847572,50.97368097359387,1473.1006431196536,22.208333333333332,22.50381608545043,0
2025-10-29 16:17:13.571118,76.7408194609892,0.6227668992473292,49.90645621777051,1566.7719933137068,22.25,23.349654151190382,0
2025-10-29 17:17:13.571118,80.23699335658208,0.37903589813087946,48.05740773455557,1786.2733563662368,22.291666666666668,24.558923729707452,0
2025-10-29 18:17:13.571118,75.69793317358024,0.6672572386837703,55.620563599930065,1716.3533455345657,22.333333333333332,27.522203446388648,0
2025-10-29 19:17:13.571118,78.07722227885087,0.5419019009366045,54.73763231061429,1237.5561613137188,22.375,25.62340752205994,0
2025-10-29 20:17:13.571118,85.0314640460722,0.4294988144241591,46.135611660881956,1624.4139980612097,22.416666666666668,21.122123958543213,0
2025-10-29 21:17:13.571118,77.11554065238425,0.4944230922342294,52.03526143562267,1765.786663907082,22.458333333333332,23.40349431061843,0
2025-10-29 22:17:13.571118,84.1784605603257,0.5558326912521723,45.14171632729357,1577.3617041378404,22.5,23.177936700363365,0
2025-10-29 23:17:13.571118,74.35146572671191,0.5076005391412411,43.101909176055344,1718.1960850371934,22.541666666666668,24.768336864330863,0
2025-10-30 00:17:13.571118,82.64902088957642,0.5538755992446369,46.86641387705018,1902.454089140153,22.583333333333332,26.277530975889487,0
2025-10-30 01:17:13.571118,87.2078431032895,0.40793264069206336,54.311967361913794,1704.7419092213963,22.625,26.254617267663917,0
2025-10-30 02:17:13.571118,67.64177749936356,0.5169360824036078,54.76562522688043,1549.8617191283458,22.666666666666668,19.671964737854793,0
2025-10-30 03:17:13.571118,76.01552372264761,0.35862855030950197,52.56542710048647,1709.0176948169508,22.708333333333332,28.19182296268257,0
2025-10-30 04:17:13.571118,82.8853606359027,0.48887739386512996,53.625478934239986,1528.9775666193782,22.75,25.757706537989872,0
2025-10-30 05:17:13.571118,78.98477306978504,0.40960923585352105,52.58089143557479,1504.780608656991,22.791666666666668,29.15359614278172,0
2025-10-30 06:17:13.571118,81.85572936685655,0.42644700574102334,46.79259202388524,1429.7171528572535,22.833333333333332,26.332594981872017,0
2025-10-30 07:17:13.571118,76.9800740664209,0.6236093175210438,52.159612723369705,1812.6826717664217,22.875,28.303968873207285,0
2025-10-30 08:17:13.571118,80.4329489373645,0.6091310120594269,54.00204762613841,1336.3142668115997,22.916666666666668,26.399635934350382,0
2025-10-30 09:17:13.571118,79.2216138230396,0.5609138120907177,53.77145664906787,1806.473544935623,22.958333333333332,29.038677268608247,0
2025-10-30 10:17:13.571118,85.83891030829903,0.3907687235327421,55.94456685737322,1599.9728247480743,23.0,26.566751908053334,0
2025-10-30 11:17:13.571118,81.27210421650607,0.46835915503051984,53.54151923600532,1220.1387650396118,23.041666666666668,24.706254260671287,0
2025-10-30 12:17:13.571118,81.68801331037601,0.6213097699979183,51.757241037707914,1573.5298585982844,23.083333333333332,31.817304161340644,0
2025-10-30 13:17:13.571118,77.94061516938767,0.5141716913639904,55.350751191582134,1079.9946984696753,23.125,27.667111366839677,0
2025-10-30 14:17:13.571118,77.56196887963753,0.7319329539981694,49.8673937037547,1625.1016033662072,23.166666666666668,26.72123326301324,1
2025-10-30 15:17:13.571118,77.8372090609019,0.5393317839394371,45.590626743861414,1677.0462965977981,23.208333333333332,21.171086750384994,0
2025-10-30 16:17:13.571118,81.97226071189148,0.5192049116490032,49.18466518028118,1381.5288088695893,23.25,21.135077147609387,0
2025-10-30 17:17:13.571118,77.89507759589868,0.4690883535797499,46.27548677596776,1524.7095391911164,23.291666666666668,25.87814644642556,0
2025-10-30 18:17:13.571118,81.44887428448206,0.5133540904782282,46.624108625128095,1890.8314867500571,23.333333333333332,25.436563593304722,0
2025-10-30 19:17:13.571118,90.37700399322719,0.4847530163619456,49.27740664642241,1398.8506591476128,23.375,23.157632304975053,1
2025-10-30 20:17:13.571118,84.35562351715846,0.570810867668859,46.03790039500019,1288.21848258868,23.416666666666668,25.42294809883618,0
2025-10-30 21:17:13.571118,78.3698823391608,0.5956702316794584,48.4601923518048,1796.3326804925198,23.458333333333332,29.765880784130786,0
2025-10-30 22:17:13.571118,86.00606961081972,0.421401053949205,40.53192666523107,1892.517438106159,23.5,27.086207423650897,0
2025-10-30 23:17:13.571118,77.95962313489224,0.3668767046442222,51.06646853686469,1500.7391343695695,23.541666666666668,21.576974470741785,0
2025-10-31 00:17:13.571118,69.80937732411073,0.3163794626896703,50.00602737681112,1702.2926070816711,23.583333333333332,24.66547351857117,0
2025-10-31 01:17:13.571118,74.95956844541298,0.5507991326912544,45.914556844659046,1768.2951831061762,23.625,22.585100557442317,0
2025-10-31 02:17:13.571118,70.64604039487072,0.38966333938261266,53.296228342162024,1351.5031534923232,23.666666666666668,23.836900250774317,0
2025-10-31 03:17:13.571118,78.24243257979346,0.28471094070475167,54.68785068813279,1402.9388329264264,23.708333333333332,23.759153003111074,0
2025-10-31 04:17:13.571118,80.09209189594776,0.5388578604530965,41.96220067815513,1746.174902630947,23.75,23.567063252187985,0
2025-10-31 05:17:13.571118,88.38218656137641,0.749299951743279,46.186376107168925,1837.0028557417018,23.791666666666668,21.234593884079814,1
2025-10-31 06:17:13.571118,81.63463686882082,0.4993929088460107,46.154288251063505,1612.576172034871,23.833333333333332,24.61703595544543,0
2025-10-31 07:17:13.571118,78.90449735595568,0.5838490774451642,45.300484494455674,1324.0371292995892,23.875,23.31817708945807,0
2025-10-31 08:17:13.571118,84.14702790591744,0.5081829358547565,54.14737420965874,1897.412222339888,23.916666666666668,16.211653929993197,0
2025-10-31 09:17:13.571118,68.94432345496057,0.49011103468088574,49.03086930613598,1393.805820437607,23.958333333333332,31.15891607350499,0
2025-10-31 10:17:13.571118,81.17807279054283,0.5919076482987768,48.67742579344694,1432.9724437657096,24.0,28.266308962650015,0
2025-10-31 11:17:13.571118,83.85432596943484,0.4709725455811349,39.98068817796623,1568.4675668979244,24.041666666666668,23.87109782522501,0
2025-10-31 12:17:13.571118,72.60706877110078,0.5267392314071903,53.17709015104613,1810.832084142955,24.083333333333332,25.056457149221796,0
2025-10-31 13:17:13.571118,85.71877021603464,0.5321697806196014,43.80370802573264,1670.7951953104448,24.125,21.485036958047314,0
2025-10-31 14:17:13.571118,81.69248203747208,0.4331909546356951,50.29966315133164,1582.973100072382,24.166666666666668,30.087168633432597,0
2025-10-31 15:17:13.571118,77.923560430496,0.5992042349536523,51.38688468979096,1592.6577060236214,24.208333333333332,30.691866084319336,0
2025-10-31 16:17:13.571118,83.16390933053142,0.48250402433045914,56.80329297919326,1508.7029337286933,24.25,25.470081184739573,0
2025-10-31 17:17:13.571118,91.35346428902199,0.4244254840507155,43.45589800440444,1611.6279029037012,24.291666666666668,28.070591932556034,1
2025-10-31 18:17:13.571118,80.90933127529247,0.5536509843570403,34.90243922089587,994.0879844611394,24.333333333333332,25.52586033680177,0
2025-10-31 19:17:13.571118,81.24110293150169,0.41015320182089626,50.91924772376847,1440.6785081860403,24.375,20.989823683372208,0
2025-10-31 20:17:13.571118,77.70319550229878,0.5028181157369128,59.00255590755427,1548.2643869833562,24.416666666666668,23.764529893109028,0
2025-10-31 21:17:13.571118,75.75077815267605,0.49908810033557965,56.19473176469719,1269.7971832760986,24.458333333333332,25.39578390031587,0
2025-10-31 22:17:13.571118,84.15167908272123,0.6085895565831578,51.04829707637313,1577.264663562312,24.5,23.63635684376967,0
2025-10-31 23:17:13.571118,75.71958087045566,0.5474698232879953,47.54181907183976,1459.1057558027758,24.541666666666668,24.344040167694892,0
2025-11-01 00:17:13.571118,80.35783118609696,0.4974973041254856,54.03561298318655,1851.095139663098,24.583333333333332,24.725801327472656,0
2025-11-01 01:17:13.571118,77.61171276617442,0.5817766299200287,45.13226900147766,1814.6039450429712,24.625,24.757364506403615,0
2025-11-01 02:17:13.571118,82.39489912873196,0.6390207549017314,52.3817888467811,1406.8388861763674,24.666666666666668,25.15677547149245,0
2025-11-01 03:17:13.571118,81.66831052643474,0.5557810306351862,52.52735079583314,1469.832457686661,24.708333333333332,21.818184800810197,0
2025-11-01 04:17:13.571118,85.18769972128949,0.501035261984338,55.3010495374944,1485.2104868783215,24.75,22.848951552616192,0
2025-11-01 05:17:13.571118,77.44991800572626,0.368816376764984,63.79830019455539,1409.6681047680754,24.791666666666668,21.146247202900092,0
2025-11-01 06:17:13.571118,78.65062532353315,0.39348863369246273,51.96207983589383,1539.0049968056253,24.833333333333332,27.933446649058602,0
2025-11-01 07:17:13.571118,75.10618142108846,0.46947752956453326,47.45518187146251,1348.343586222482,24.875,18.683059174479027,0
2025-11-01 08:17:13.571118,77.77853369961944,0.4390487797840717,49.872128439040026,1273.8769330124946,24.916666666666668,28.460771029950777,0
2025-11-01 09:17:13.571118,81.88650246522425,0.4813028697014554,41.15462047555441,1624.5422447800538,24.958333333333332,29.15904819178853,0
2025-11-01 10:17:13.571118,83.78494308322676,0.5056649924897108,46.52643434455471,1625.905916844362,25.0,24.093458239052136,0
2025-11-01 11:17:13.571118,75.38917337911187,0.5529692754356731,47.95358780943448,1339.1368480680017,25.041666666666668,17.190588736518105,0
2025-11-01 12:17:13.571118,84.3480296005283,0.4929501221940909,47.37955801032704,1679.07108615252,25.083333333333332,23.91606831409813,0
2025-11-01 13:17:13.571118,86.77818929402476,0.5486501643826202,50.76177436016861,1373.6844541669336,25.125,24.807447516133543,0
2025-11-01 14:17:13.571118,82.0671745161185,0.5064474414810121,45.887900338089,1550.6330476075962,25.166666666666668,21.96820534021326,0
2025-11-01 15:17:13.571118,89.38397906279033,0.3024533433646128,55.60515333662236,1664.0688025224913,25.208333333333332,23.454344818575272,0
2025-11-01 16:17:13.571118,76.13105400448214,0.40606646061812457,50.00103532459099,1493.2774870592575,25.25,29.590585596590053,0
2025-11-01 17:17:13.571118,73.77672648344291,0.48559124442783846,49.953498394306926,1590.9481824282268,25.291666666666668,26.99478148690522,0
2025-11-01 18:17:13.571118,71.10639875547861,0.37903052571588924,48.36052641743541,1396.7140712224857,25.333333333333332,22.2263076568657,0
2025-11-01 19:17:13.571118,87.48022155744592,0.5599928729996204,50.77595341929489,1460.7066833143806,25.375,20.207202491213703,0
2025-11-01 20:17:13.571118,83.27182828177028,0.6530750832343697,54.125491323338174,1458.828113823932,25.416666666666668,24.018948047170685,0
2025-11-01 21:17:13.571118,79.72207664544773,0.6218761851697316,45.664348921445495,1350.6843306919523,25.458333333333332,24.359629661948684,0
2025-11-01 22:17:13.571118,81.3998431315991,0.47865571290697917,46.70941755462372,1464.6451673768436,25.5,26.48859756208995,0
2025-11-01 23:17:13.571118,74.37255476350812,0.6490726136849952,48.48136985611668,1190.2763402272508,25.541666666666668,23.394049862297024,0
2025-11-02 00:17:13.571118,92.22875989808414,0.5148667457202112,43.27064538263392,1401.769250571579,25.583333333333332,26.534498726085584,1
2025-11-02 01:17:13.571118,80.64610590987614,0.46629140288819604,45.90371070139251,1443.024901326066,25.625,30.805462120180685,0
2025-11-02 02:17:13.571118,80.54697397302446,0.43865973364590605,47.618895632276704,1448.7640495009239,25.666666666666668,27.446503067332788,0
2025-11-02 03:17:13.571118,83.62883311949346,0.4697530313511872,54.371945903563635,1451.7005108258443,25.708333333333332,24.855734478007683,0
2025-11-02 04:17:13.571118,82.40504615868356,0.4611823181458771,51.31280664500962,1487.6471600279742,25.75,24.450548586840117,0
2025-11-02 05:17:13.571118,81.11942012139566,0.5170416222375488,50.96794955683772,1595.8883036172128,25.791666666666668,23.929980597460386,0
2025-11-02 06:17:13.571118,76.04762772277344,0.5160573981049864,54.25448981083986,1674.9034148265046,25.833333333333332,28.541922737356433,0
2025-11-02 07:17:13.571118,82.35734178567998,0.5003046020153414,49.31314105800302,1370.0469546303466,25.875,23.11805966214609,0
2025-11-02 08:17:13.571118,89.41012248237517,0.543693816974635,51.95232424964445,1259.3598289221711,25.916666666666668,25.13566812699995,0
2025-11-02 09:17:13.571118,86.7271002307749,0.6190646274786341,49.483891235337516,1291.5911175513793,25.958333333333332,25.153593705643257,0
2025-11-02 10:17:13.571118,87.96593313319698,0.5949554135441324,51.32681174699814,1402.5594157610146,26.0,23.494647421565404,0
2025-11-02 11:17:13.571118,77.44392161784407,0.35151020315500964,47.08620671194209,1429.6157364366982,26.041666666666668,20.882603356347698,0
2025-11-02 12:17:13.571118,75.0519758987071,0.24460788650980453,37.80591420861786,1346.0007867605086,26.083333333333332,25.968923510853003,0
2025-11-02 13:17:13.571118,79.37106539950176,0.5934319911239274,49.32860418906848,1240.7766671500212,26.125,24.81698808443385,0
2025-11-02 14:17:13.571118,80.27862456144348,0.36331213015845787,57.1137406804997,1408.7758345051623,26.166666666666668,26.50072140830971,0
2025-11-02 15:17:13.571118,85.47095759235474,0.47752345981073163,54.631077011207964,1536.2853240227942,26.208333333333332,23.3991990806825,0
2025-11-02 16:17:13.571118,71.5376768514259,0.38298869739406405,54.82698742295585,1619.0058931671128,26.25,28.662463896439142,0
2025-11-02 17:17:13.571118,87.64775159730307,0.31980195624199803,56.18065360903109,1388.5153893783358,26.291666666666668,22.369678656364464,0
2025-11-02 18:17:13.571118,79.20996050710505,0.5541462728204788,50.44328795480719,1417.4004355713132,26.333333333333332,30.13612085205368,0
2025-11-02 19:17:13.571118,77.8655946502629,0.5759155160302647,50.98657853702798,1314.660338230538,26.375,19.757090470515216,0
2025-11-02 20:17:13.571118,74.93947812369916,0.44234895992732803,46.91174052282825,1493.7121659250447,26.416666666666668,26.304310193670673,0
2025-11-02 21:17:13.571118,71.72571664067115,0.240895770785509,48.41963571986475,1330.314273161837,26.458333333333332,26.42629204757987,0
2025-11-02 22:17:13.571118,84.11585291980957,0.4453755551747517,53.07885574885571,1614.62556264824,26.5,22.613328796177353,0
2025-11-02 23:17:13.571118,80.36658983594202,0.5391804005402546,56.01942218584408,1142.8267016131776,26.541666666666668,26.273181813583037,0
2025-11-03 00:17:13.571118,73.55019550129472,0.3521088431225871,49.302768621595,1428.0740655095076,26.583333333333332,28.838556009280477,0
2025-11-03 01:17:13.571118,73.52460613968192,0.5183359919779156,47.74905367574294,1560.2214678383484,26.625,18.349543481937808,0
2025-11-03 02:17:13.571118,78.32107650354936,0.4984690150827004,50.002639794282985,1536.7669032645008,26.666666666666668,26.508234422472444,0
2025-11-03 03:17:13.571118,88.34510762644696,0.5579291499601089,53.00603374464558,2038.6067327960993,26.708333333333332,17.52018753900977,0
2025-11-03 04:17:13.571118,78.70204324318198,0.5119580368414153,42.78072591933229,1569.9600049135815,26.75,22.103005589430374,0
2025-11-03 05:17:13.571118,72.48428523440947,0.40269310591184443,38.51909523431381,1299.189080631598,26.791666666666668,29.887499094702836,0
2025-11-03 06:17:13.571118,78.77128467957027,0.6196571501664492,47.24731575254208,1480.9071505821853,26.833333333333332,23.254653899823836,0
2025-11-03 07:17:13.571118,78.63638215126164,0.484147042697303,43.89643787042921,1144.7507333067097,26.875,21.47836010677308,0
2025-11-03 08:17:13.571118,66.51556678529214,0.4972695460490068,47.45929901176345,1483.8800501406479,26.916666666666668,24.406186813045956,0
2025-11-03 09:17:13.571118,79.72852566741093,0.4066732040926804,49.26109840591264,1333.3887885998483,26.958333333333332,31.203719014490655,0
2025-11-03 10:17:13.571118,78.84532734895662,0.455671774880849,47.733757954884936,1683.0780551120324,27.0,19.50495325838192,0
2025-11-03 11:17:13.571118,83.48103182406709,0.4115197285973099,57.26233767235372,1390.091945080893,27.041666666666668,21.846070265081966,0
2025-11-03 12:17:13.571118,89.24478047472672,0.4827053940076577,51.6337238230116,1476.6468168409506,27.083333333333332,29.49229504953888,0
2025-11-03 13:17:13.571118,85.63282514773879,0.6711708480142343,51.50237179805414,1372.8884317191194,27.125,30.573107030613198,0
2025-11-03 14:17:13.571118,78.65555654722584,0.36280988570686434,53.11103572021701,1847.7702703706664,27.166666666666668,24.689706327129148,0
2025-11-03 15:17:13.571118,74.46737045629165,0.33864386021232584,44.30583441109616,1435.7514467764177,27.208333333333332,21.282841892420073,0
2025-11-03 16:17:13.571118,92.8667990162493,0.6471170327493608,55.195558937101346,1866.5114086958404,27.25,31.287530505427476,1
2025-11-03 17:17:13.571118,80.29609217007244,0.4790676322848134,49.6211785673227,1662.8303524236533,27.291666666666668,29.783327175247592,0
2025-11-03 18:17:13.571118,80.06964645956474,0.43309272613400834,53.35240308620606,1596.4133454670773,27.333333333333332,27.0368409632867,0
2025-11-03 19:17:13.571118,79.87937456444999,0.6039904687396076,44.64071383479922,1573.746629463504,27.375,22.56279295318774,0
2025-11-03 20:17:13.571118,80.99042380383928,0.4394384460263136,42.23120616991968,1578.7594596432502,27.416666666666668,24.85291197748589,0
2025-11-03 21:17:13.571118,79.27819794038028,0.6826009713546937,54.08944829012514,1114.465484130878,27.458333333333332,24.518919756865508,0
2025-11-03 22:17:13.571118,77.13168996559882,0.5677925871339269,51.882047630487584,1444.2233211698488,27.5,25.992553913846734,0
2025-11-03 23:17:13.571118,77.26570529379804,0.45120885918542974,45.48974222821245,1669.0315942368643,27.541666666666668,29.353004314394006,0
2025-11-04 00:17:13.571118,79.83623364892001,0.7157308213265503,45.65168459362653,1490.220563305179,27.583333333333332,27.63825112341221,1
2025-11-04 01:17:13.571118,77.28287614433117,0.4394285076996661,55.62717392207385,1218.9620306392849,27.625,21.767871769045726,0
2025-11-04 02:17:13.571118,76.43577108661418,0.5742095372009307,44.05294053566336,1489.5191098845062,27.666666666666668,29.129489350058613,0
2025-11-04 03:17:13.571118,80.53215113845948,0.5299292580406492,58.21336476627982,1840.8211032510983,27.708333333333332,25.939396420039465,0
2025-11-04 04:17:13.571118,78.72511391289572,0.6301741289398798,45.496896326760655,1749.378343106944,27.75,27.061197387576748,0
2025-11-04 05:17:13.571118,87.51996494291345,0.6561511196726852,53.191959628041914,1487.5991981267937,27.791666666666668,29.399622577835807,0
2025-11-04 06:17:13.571118,66.74515095803494,0.5032004149065766,48.356907621255075,1690.2898554116173,27.833333333333332,21.665259251459347,0
2025-11-04 07:17:13.571118,85.45753425961232,0.42465821296538164,53.01593715541171,1426.6985959263895,27.875,24.892523263880612,0
2025-11-04 08:17:13.571118,86.23042596248814,0.5459972142939117,47.27942998942903,1159.225682634656,27.916666666666668,23.405636345922353,0
2025-11-04 09:17:13.571118,69.63304883795925,0.4322284630247894,49.186035469638526,1315.106802374089,27.958333333333332,20.296421723903634,0
2025-11-04 10:17:13.571118,78.28656202959826,0.7013387247526623,50.20459587697861,1812.5777537016395,28.0,26.04012993281476,1
2025-11-04 11:17:13.571118,78.14279567002104,0.5136535331082738,44.98906272109264,1445.2013836341391,28.041666666666668,32.53466965475327,0
2025-11-04 12:17:13.571118,72.9624415264109,0.4634678448687891,53.70412172710063,1451.3232041249964,28.083333333333332,19.47976676648274,0
2025-11-04 13:17:13.571118,76.11091656204562,0.5184680305864908,47.43393216764208,1440.0323607450239,28.125,24.90315816685159,0
2025-11-04 14:17:13.571118,74.44712077267086,0.36528737104703035,48.85700042329991,1880.8273179146013,28.166666666666668,26.92162880522432,0
2025-11-04 15:17:13.571118,88.76135221711812,0.40283859614893486,45.02825312695744,1825.1917830724126,28.208333333333332,25.369234604968543,0
2025-11-04 16:17:13.571118,84.6783919657373,0.6200413907944425,37.18833170602345,1943.7560466896268,28.25,24.660615842452778,0
2025-11-04 17:17:13.571118,86.3577754749708,0.4343105721028604,49.04486118699916,1468.1909579199898,28.291666666666668,21.102350909662526,0
2025-11-04 18:17:13.571118,83.60836032021618,0.39530890173180605,62.063077108064576,1559.124897749419,28.333333333333332,25.69836022882049,0
2025-11-04 19:17:13.571118,74.35474114391386,0.5536652752527286,53.92302143949012,1196.6714901158418,28.375,22.72970806895222,0
2025-11-04 20:17:13.571118,77.37739866860113,0.6185704154662997,49.903698101328025,1795.3868852236549,28.416666666666668,18.43023488506434,0
2025-11-04 21:17:13.571118,82.4468728061396,0.5718953310665067,48.685545853958665,1266.444089746413,28.458333333333332,28.583776661541194,0
2025-11-04 22:17:13.571118,73.88936095554027,0.5996047685805816,50.11232946406023,1543.3551127525259,28.5,27.87515745952613,0
2025-11-04 23:17:13.571118,83.56499215086194,0.4243204911430539,52.73559557587605,1280.5394944734312,28.541666666666668,25.15498293055324,0
2025-11-05 00:17:13.571118,78.79837300920933,0.3578189333258156,44.09593592345578,1382.2266346522608,28.583333333333332,25.68722406461711,0
2025-11-05 01:17:13.571118,78.12589596225202,0.6501333651955487,55.57160847334436,1332.5475137900598,28.625,28.222954038146685,0
2025-11-05 02:17:13.571118,83.55479984101746,0.4677320161157864,53.57690657720622,1378.4249478648364,28.666666666666668,25.673018970334248,0
2025-11-05 03:17:13.571118,82.2213165574302,0.47491669835449524,53.59092862853967,1392.1754593702042,28.708333333333332,27.712052664283945,0
2025-11-05 04:17:13.571118,78.1951691709046,0.6328194141849058,52.192378694048635,1390.3462410149846,28.75,24.10755339737845,0
2025-11-05 05:17:13.571118,85.79664901682123,0.555623000940066,50.09808328846995,1666.6667823560615,28.791666666666668,28.93595121572184,0
2025-11-05 06:17:13.571118,74.59468336200051,0.5455887772081608,53.3643061798341,1279.0274413874959,28.833333333333332,25.96235717779805,0
2025-11-05 07:17:13.571118,83.07967803472133,0.7165002344901084,52.95907066870689,1544.1082854027734,28.875,25.582155830817623,1
2025-11-05 08:17:13.571118,82.96550628984193,0.4356481769619857,48.22979644529488,1743.5918304611116,28.916666666666668,21.189816733863903,0
2025-11-05 09:17:13.571118,78.45226780343005,0.5927840128081238,47.13199113551549,1397.3607270973207,28.958333333333332,25.860867562905128,0
2025-11-05 10:17:13.571118,81.63066511121059,0.5057013124897084,50.50928147630994,1356.4162218504796,29.0,22.504135247516647,0
2025-11-05 11:17:13.571118,73.74443211807349,0.5268592278863257,57.74510075747594,1453.8950749639498,29.041666666666668,23.085151820414517,0
2025-11-05 12:17:13.571118,84.6201350960345,0.6528468426412531,43.804464621730496,1735.945041672142,29.083333333333332,22.553873115051637,0
2025-11-05 13:17:13.571118,79.07548931778506,0.5507835756289624,42.6623736712378,1538.8215261906716,29.125,21.801295204302324,0
2025-11-05 14:17:13.571118,77.38638489740481,0.5538296079049633,50.82380420618259,1393.7571410784803,29.166666666666668,31.374314209050887,0
2025-11-05 15:17:13.571118,85.24504612918444,0.6072507337309803,50.25443850928009,1596.775330237608,29.208333333333332,28.99401718596521,0
2025-11-05 16:17:13.571118,76.4782815472862,0.46350472704571144,50.866708321852045,1279.5415700327153,29.25,30.761102506432785,0
2025-11-05 17:17:13.571118,72.9576935181822,0.41607903326609935,51.2197659895425,1636.2719020885895,29.291666666666668,21.331314941333307,0
2025-11-05 18:17:13.571118,72.21685413238048,0.39551908059789664,48.883988726825976,1581.7214615403536,29.333333333333332,25.213761249732677,0
2025-11-05 19:17:13.571118,83.0300497567282,0.30336434106239984,57.44931719301041,1438.4383057722232,29.375,21.119477124387714,0
2025-11-05 20:17:13.571118,73.59785323751859,0.7056207129940322,41.995480107617425,1332.2828403105539,29.416666666666668,22.912915368408807,1
2025-11-05 21:17:13.571118,88.77397090992183,0.3896791634278317,45.85751487609877,1322.6638155433086,29.458333333333332,22.245619049750275,0
2025-11-05 22:17:13.571118,69.59035296058138,0.4778746376414228,49.48372619925476,1606.963467269182,29.5,28.718752019324683,0
2025-11-05 23:17:13.571118,88.48228184145019,0.47231867001110794,41.784055944229166,1745.7961004978124,29.541666666666668,23.81131096569472,0
2025-11-06 00:17:13.571118,81.05508733601309,0.5307406697809101,49.12072797783964,1372.538450594241,29.583333333333332,28.205138001082048,0
2025-11-06 01:17:13.571118,79.51643444064804,0.5815737212539297,58.30735082864009,1591.677340710297,29.625,26.812362668765555,0
2025-11-06 02:17:13.571118,77.27540456595526,0.5860473488359745,50.10443244147981,1082.5945962795863,29.666666666666668,31.910916256314366,0
2025-11-06 03:17:13.571118,81.99568057176036,0.44169225614310614,51.153504528593416,1383.07645386856,29.708333333333332,20.56166733058083,0
2025-11-06 04:17:13.571118,79.81182648787576,0.48328782862135883,43.6991761741371,1493.7882134258195,29.75,28.777699719360395,0
2025-11-06 05:17:13.571118,85.5165094100826,0.52825799504883,46.91819295980261,1318.0633166036332,29.791666666666668,28.439322611202183,0
2025-11-06 06:17:13.571118,80.5711382433102,0.4751308873816453,48.12401809838032,1312.6987250420807,29.833333333333332,22.079863485918896,0
2025-11-06 07:17:13.571118,80.75150880730939,0.6607345576019993,48.41142451621883,1366.4440887062228,29.875,28.02140000941948,0
2025-11-06 08:17:13.571118,78.18193893893073,0.5490974951638251,56.40821897501884,1558.4385456652747,29.916666666666668,26.008434889078686,0
2025-11-06 09:17:13.571118,79.71527188139466,0.5734877786049818,52.788455303625625,1462.534196318725,29.958333333333332,24.317571220139776,0
